0111-3/01	CULTIVO DE ARROZ
0111-3/02	CULTIVO DE MILHO
0111-3/03	CULTIVO DE TRIGO
0111-3/99	CULTIVO DE OUTROS CEREAIS NÃO ESPECIFICADOS ANTERIORMENTE
0112-1/01	CULTIVO DE ALGODÃO HERBÁCEO
0112-1/02	CULTIVO DE JUTA
0112-1/99	CULTIVO DE OUTRAS FIBRAS DE LAVOURA TEMPORÁRIA NÃO ESPECIFICADAS ANTERIORMENTE
0113-0/00	CULTIVO DE CANA DE AÇÚCAR
0114-8/00	CULTIVO DE FUMO
0115-6/00	CULTIVO DE SOJA
0116-4/01	CULTIVO DE AMENDOIM
0116-4/02	CULTIVO DE GIRASSOL
0116-4/03	CULTIVO DE MAMONA
0116-4/99	CULTIVO DE OUTRAS OLEAGINOSAS DE LAVOURA TEMPORÁRIA NÃO ESPECIFICADAS ANTERIORMENTE
0119-9/01	CULTIVO DE ABACAXI
0119-9/02	CULTIVO DE ALHO
0119-9/03	CULTIVO DE BATATA INGLESA
0119-9/04	CULTIVO DE CEBOLA
0119-9/05	CULTIVO DE FEIJÃO
0119-9/06	CULTIVO DE MANDIOCA
0119-9/07	CULTIVO DE MELÃO
0119-9/08	CULTIVO DE MELANCIA
0119-9/09	CULTIVO DE TOMATE RASTEIRO
0119-9/99	CULTIVO DE OUTRAS PLANTAS DE LAVOURA TEMPORÁRIA NÃO ESPECIFICADAS ANTERIORMENTE
0121-1/01	HORTICULTURA, EXCETO MORANGO
0121-1/02	CULTIVO DE MORANGO
0122-9/00	CULTIVO DE FLORES E PLANTAS ORNAMENTAIS
0131-8/00	CULTIVO DE LARANJA
0132-6/00	CULTIVO DE UVA
0133-4/01	CULTIVO DE AÇAÍ
0133-4/02	CULTIVO DE BANANA
0133-4/03	CULTIVO DE CAJU
0133-4/04	CULTIVO DE CÍTRICOS, EXCETO LARANJA
0133-4/05	CULTIVO DE COCO DA BAÍA
0133-4/06	CULTIVO DE GUARANÁ
0133-4/07	CULTIVO DE MAÇÃ
0133-4/08	CULTIVO DE MAMÃO
0133-4/09	CULTIVO DE MARACUJÁ
0133-4/10	CULTIVO DE MANGA
0133-4/11	CULTIVO DE PÊSSEGO
0133-4/99	CULTIVO DE FRUTAS DE LAVOURA PERMANENTE NÃO ESPECIFICADAS ANTERIORMENTE
0134-2/00	CULTIVO DE CAFÉ
0135-1/00	CULTIVO DE CACAU
0139-3/01	CULTIVO DE CHÁ DA ÍNDIA
0139-3/02	CULTIVO DE ERVA MATE
0139-3/03	CULTIVO DE PIMENTA DO REINO
0139-3/04	CULTIVO DE PLANTAS PARA CONDIMENTO, EXCETO PIMENTA DO REINO
0139-3/05	CULTIVO DE DENDÊ
0139-3/06	CULTIVO DE SERINGUEIRA
0139-3/99	CULTIVO DE OUTRAS PLANTAS DE LAVOURA PERMANENTE NÃO ESPECIFICADAS ANTERIORMENTE
0141-5/01	PRODUÇÃO DE SEMENTES CERTIFICADAS, EXCETO DE FORRAGEIRAS PARA PASTO
0141-5/02	PRODUÇÃO DE SEMENTES CERTIFICADAS DE FORRAGEIRAS PARA FORMAÇÃO DE PASTO
0142-3/00	PRODUÇÃO DE MUDAS E OUTRAS FORMAS DE PROPAGAÇÃO VEGETAL, CERTIFICADAS
0151-2/01	CRIAÇÃO DE BOVINOS PARA CORTE
0151-2/02	CRIAÇÃO DE BOVINOS PARA LEITE
0151-2/03	CRIAÇÃO DE BOVINOS, EXCETO PARA CORTE E LEITE
0152-1/01	CRIAÇÃO DE BUFALINOS
0152-1/02	CRIAÇÃO DE EQÜINOS
0152-1/03	CRIAÇÃO DE ASININOS E MUARES
0153-9/01	CRIAÇÃO DE CAPRINOS
0153-9/02	CRIAÇÃO DE OVINOS, INCLUSIVE PARA PRODUÇÃO DE LÃ
0154-7/00	CRIAÇÃO DE SUÍNOS
0155-5/01	CRIAÇÃO DE FRANGOS PARA CORTE
0155-5/02	PRODUÇÃO DE PINTOS DE UM DIA
0155-5/03	CRIAÇÃO DE OUTROS GALINÁCEOS, EXCETO PARA CORTE
0155-5/04	CRIAÇÃO DE AVES, EXCETO GALINÁCEOS
0155-5/05	PRODUÇÃO DE OVOS
0159-8/01	APICULTURA
0159-8/02	CRIAÇÃO DE ANIMAIS DE ESTIMAÇÃO
0159-8/03	CRIAÇÃO DE ESCARGÔ
0159-8/04	CRIAÇÃO DE BICHO DA SEDA
0159-8/99	CRIAÇÃO DE OUTROS ANIMAIS NÃO ESPECIFICADOS ANTERIORMENTE
0161-0/01	SERVIÇO DE PULVERIZAÇÃO E CONTROLE DE PRAGAS AGRÍCOLAS
0161-0/02	SERVIÇO DE PODA DE ÁRVORES PARA LAVOURAS
0161-0/03	SERVIÇO DE PREPARAÇÃO DE TERRENO, CULTIVO E COLHEITA
0161-0/99	ATIVIDADES DE APOIO À AGRICULTURA NÃO ESPECIFICADAS ANTERIORMENTE
0162-8/01	SERVIÇO DE INSEMINAÇÃO ARTIFICIAL DE ANIMAIS
0162-8/02	SERVIÇO DE TOSQUIAMENTO DE OVINOS
0162-8/03	SERVIÇO DE MANEJO DE ANIMAIS
0162-8/99	ATIVIDADES DE APOIO À PECUÁRIA NÃO ESPECIFICADAS ANTERIORMENTE
0163-6/00	ATIVIDADES DE PÓS COLHEITA
0170-9/00	CAÇA E SERVIÇOS RELACIONADOS
0210-1/01	CULTIVO DE EUCALIPTO
0210-1/02	CULTIVO DE ACÁCIA NEGRA
0210-1/03	CULTIVO DE PINUS
0210-1/04	CULTIVO DE TECA
0210-1/05	CULTIVO DE ESPÉCIES MADEIREIRAS, EXCETO EUCALIPTO, ACÁCIA NEGRA, PINUS E TECA
0210-1/06	CULTIVO DE MUDAS EM VIVEIROS FLORESTAIS
0210-1/07	EXTRAÇÃO DE MADEIRA EM FLORESTAS PLANTADAS
0210-1/08	PRODUÇÃO DE CARVÃO VEGETAL - FLORESTAS PLANTADAS
0210-1/09	PRODUÇÃO DE CASCA DE ACÁCIA NEGRA - FLORESTAS PLANTADAS
0210-1/99	PRODUÇÃO DE PRODUTOS NÃO MADEIREIROS NÃO ESPECIFICADOS ANTERIORMENTE EM FLORESTAS PLANTADAS
0220-9/01	EXTRAÇÃO DE MADEIRA EM FLORESTAS NATIVAS
0220-9/02	PRODUÇÃO DE CARVÃO VEGETAL - FLORESTAS NATIVAS
0220-9/03	COLETA DE CASTANHA DO PARÁ EM FLORESTAS NATIVAS
0220-9/04	COLETA DE LÁTEX EM FLORESTAS NATIVAS
0220-9/05	COLETA DE PALMITO EM FLORESTAS NATIVAS
0220-9/06	CONSERVAÇÃO DE FLORESTAS NATIVAS
0220-9/99	COLETA DE PRODUTOS NÃO MADEIREIROS NÃO ESPECIFICADOS ANTERIORMENTE EM FLORESTAS NATIVAS
0230-6/00	ATIVIDADES DE APOIO À PRODUÇÃO FLORESTAL
0311-6/01	PESCA DE PEIXES EM ÁGUA SALGADA
0311-6/02	PESCA DE CRUSTÁCEOS E MOLUSCOS EM ÁGUA SALGADA
0311-6/03	COLETA DE OUTROS PRODUTOS MARINHOS
0311-6/04	ATIVIDADES DE APOIO À PESCA EM ÁGUA SALGADA
0312-4/01	PESCA DE PEIXES EM ÁGUA DOCE
0312-4/02	PESCA DE CRUSTÁCEOS E MOLUSCOS EM ÁGUA DOCE
0312-4/03	COLETA DE OUTROS PRODUTOS AQUÁTICOS DE ÁGUA DOCE
0312-4/04	ATIVIDADES DE APOIO À PESCA EM ÁGUA DOCE
0321-3/01	CRIAÇÃO DE PEIXES EM ÁGUA SALGADA E SALOBRA
0321-3/02	CRIAÇÃO DE CAMARÕES EM ÁGUA SALGADA E SALOBRA
0321-3/03	CRIAÇÃO DE OSTRAS E MEXILHÕES EM ÁGUA SALGADA E SALOBRA
0321-3/04	CRIAÇÃO DE PEIXES ORNAMENTAIS EM ÁGUA SALGADA E SALOBRA
0321-3/05	ATIVIDADES DE APOIO À AQÜICULTURA EM ÁGUA SALGADA E SALOBRA
0321-3/99	CULTIVOS E SEMICULTIVOS DA AQÜICULTURA EM ÁGUA SALGADA E SALOBRA NÃO ESPECIFICADOS ANTERIORMENTE
0322-1/01	CRIAÇÃO DE PEIXES EM ÁGUA DOCE
0322-1/02	CRIAÇÃO DE CAMARÕES EM ÁGUA DOCE
0322-1/03	CRIAÇÃO DE OSTRAS E MEXILHÕES EM ÁGUA DOCE
0322-1/04	CRIAÇÃO DE PEIXES ORNAMENTAIS EM ÁGUA DOCE
0322-1/05	RANICULTURA
0322-1/06	CRIAÇÃO DE JACARÉ
0322-1/07	ATIVIDADES DE APOIO À AQÜICULTURA EM ÁGUA DOCE
0322-1/99	CULTIVOS E SEMICULTIVOS DA AQÜICULTURA EM ÁGUA DOCE NÃO ESPECIFICADOS ANTERIORMENTE
0500-3/01	EXTRAÇÃO DE CARVÃO MINERAL
0500-3/02	BENEFICIAMENTO DE CARVÃO MINERAL
0600-0/01	EXTRAÇÃO DE PETRÓLEO E GÁS NATURAL
0600-0/02	EXTRAÇÃO E BENEFICIAMENTO DE XISTO
0600-0/03	EXTRAÇÃO E BENEFICIAMENTO DE AREIAS BETUMINOSAS
0710-3/01	EXTRAÇÃO DE MINÉRIO DE FERRO
0710-3/02	PELOTIZAÇÃO, SINTERIZAÇÃO E OUTROS BENEFICIAMENTOS DE MINÉRIO DE FERRO
0721-9/01	EXTRAÇÃO DE MINÉRIO DE ALUMÍNIO
0721-9/02	BENEFICIAMENTO DE MINÉRIO DE ALUMÍNIO
0722-7/01	EXTRAÇÃO DE MINÉRIO DE ESTANHO
0722-7/02	BENEFICIAMENTO DE MINÉRIO DE ESTANHO
0723-5/01	EXTRAÇÃO DE MINÉRIO DE MANGANÊS
0723-5/02	BENEFICIAMENTO DE MINÉRIO DE MANGANÊS
0724-3/01	EXTRAÇÃO DE MINÉRIO DE METAIS PRECIOSOS
0724-3/02	BENEFICIAMENTO DE MINÉRIO DE METAIS PRECIOSOS
0725-1/00	EXTRAÇÃO DE MINERAIS RADIOATIVOS
0729-4/01	EXTRAÇÃO DE MINÉRIOS DE NIÓBIO E TITÂNIO
0729-4/02	EXTRAÇÃO DE MINÉRIO DE TUNGSTÊNIO
0729-4/03	EXTRAÇÃO DE MINÉRIO DE NÍQUEL
0729-4/04	EXTRAÇÃO DE MINÉRIOS DE COBRE, CHUMBO, ZINCO E OUTROS MINERAIS METÁLICOS NÃO FERROSOS NÃO ESPECIFICADOS ANTERIORMENTE
0729-4/05	BENEFICIAMENTO DE MINÉRIOS DE COBRE, CHUMBO, ZINCO E OUTROS MINERAIS METÁLICOS NÃO FERROSOS NÃO ESPECIFICADOS ANTERIORMENTE
0810-0/01	EXTRAÇÃO DE ARDÓSIA E BENEFICIAMENTO ASSOCIADO
0810-0/02	EXTRAÇÃO DE GRANITO E BENEFICIAMENTO ASSOCIADO
0810-0/03	EXTRAÇÃO DE MÁRMORE E BENEFICIAMENTO ASSOCIADO
0810-0/04	EXTRAÇÃO DE CALCÁRIO E DOLOMITA E BENEFICIAMENTO ASSOCIADO
0810-0/05	EXTRAÇÃO DE GESSO E CAULIM
0810-0/06	EXTRAÇÃO DE AREIA, CASCALHO OU PEDREGULHO E BENEFICIAMENTO ASSOCIADO
0810-0/07	EXTRAÇÃO DE ARGILA E BENEFICIAMENTO ASSOCIADO
0810-0/08	EXTRAÇÃO DE SAIBRO E BENEFICIAMENTO ASSOCIADO
0810-0/09	EXTRAÇÃO DE BASALTO E BENEFICIAMENTO ASSOCIADO
0810-0/10	BENEFICIAMENTO DE GESSO E CAULIM ASSOCIADO À EXTRAÇÃO
0810-0/99	EXTRAÇÃO E BRITAMENTO DE PEDRAS E OUTROS MATERIAIS PARA CONSTRUÇÃO E BENEFICIAMENTO ASSOCIADO
0891-6/00	EXTRAÇÃO DE MINERAIS PARA FABRICAÇÃO DE ADUBOS, FERTILIZANTES E OUTROS PRODUTOS QUÍMICOS
0892-4/01	EXTRAÇÃO DE SAL MARINHO
0892-4/02	EXTRAÇÃO DE SAL GEMA
0892-4/03	REFINO E OUTROS TRATAMENTOS DO SAL
0893-2/00	EXTRAÇÃO DE GEMAS (PEDRAS PRECIOSAS E SEMIPRECIOSAS)
0899-1/01	EXTRAÇÃO DE GRAFITA
0899-1/02	EXTRAÇÃO DE QUARTZO
0899-1/03	EXTRAÇÃO DE AMIANTO
0899-1/99	EXTRAÇÃO DE OUTROS MINERAIS NÃO METÁLICOS NÃO ESPECIFICADOS ANTERIORMENTE
0910-6/00	ATIVIDADES DE APOIO À EXTRAÇÃO DE PETRÓLEO E GÁS NATURAL
0990-4/01	ATIVIDADES DE APOIO À EXTRAÇÃO DE MINÉRIO DE FERRO
0990-4/02	ATIVIDADES DE APOIO À EXTRAÇÃO DE MINERAIS METÁLICOS NÃO FERROSOS
0990-4/03	ATIVIDADES DE APOIO À EXTRAÇÃO DE MINERAIS NÃO METÁLICOS
1011-2/01	FRIGORÍFICO - ABATE DE BOVINOS
1011-2/02	FRIGORÍFICO - ABATE DE EQÜINOS
1011-2/03	FRIGORÍFICO - ABATE DE OVINOS E CAPRINOS
1011-2/04	FRIGORÍFICO - ABATE DE BUFALINOS
1011-2/05	MATADOURO - ABATE DE RESES SOB CONTRATO - EXCETO ABATE DE SUÍNOS
1012-1/01	ABATE DE AVES
1012-1/02	ABATE DE PEQUENOS ANIMAIS
1012-1/03	FRIGORÍFICO - ABATE DE SUÍNOS
1012-1/04	MATADOURO - ABATE DE SUÍNOS SOB CONTRATO
1013-9/01	FABRICAÇÃO DE PRODUTOS DE CARNE
1013-9/02	PREPARAÇÃO DE SUBPRODUTOS DO ABATE
1020-1/01	PRESERVAÇÃO DE PEIXES, CRUSTÁCEOS E MOLUSCOS
1020-1/02	FABRICAÇÃO DE CONSERVAS DE PEIXES, CRUSTÁCEOS E MOLUSCOS
1031-7/00	FABRICAÇÃO DE CONSERVAS DE FRUTAS
1032-5/01	FABRICAÇÃO DE CONSERVAS DE PALMITO
1032-5/99	FABRICAÇÃO DE CONSERVAS DE LEGUMES E OUTROS VEGETAIS, EXCETO PALMITO
1033-3/01	FABRICAÇÃO DE SUCOS CONCENTRADOS DE FRUTAS, HORTALIÇAS E LEGUMES
1033-3/02	FABRICAÇÃO DE SUCOS DE FRUTAS, HORTALIÇAS E LEGUMES, EXCETO CONCENTRADOS
1041-4/00	FABRICAÇÃO DE ÓLEOS VEGETAIS EM BRUTO, EXCETO ÓLEO DE MILHO
1042-2/00	FABRICAÇÃO DE ÓLEOS VEGETAIS REFINADOS, EXCETO ÓLEO DE MILHO
1043-1/00	FABRICAÇÃO DE MARGARINA E OUTRAS GORDURAS VEGETAIS E DE ÓLEOS NÃO COMESTÍVEIS DE ANIMAIS
1051-1/00	PREPARAÇÃO DO LEITE
1052-0/00	FABRICAÇÃO DE LATICÍNIOS
1053-8/00	FABRICAÇÃO DE SORVETES E OUTROS GELADOS COMESTÍVEIS
1061-9/01	BENEFICIAMENTO DE ARROZ
1061-9/02	FABRICAÇÃO DE PRODUTOS DO ARROZ
1062-7/00	MOAGEM DE TRIGO E FABRICAÇÃO DE DERIVADOS
1063-5/00	FABRICAÇÃO DE FARINHA DE MANDIOCA E DERIVADOS
1064-3/00	FABRICAÇÃO DE FARINHA DE MILHO E DERIVADOS, EXCETO ÓLEOS DE MILHO
1065-1/01	FABRICAÇÃO DE AMIDOS E FÉCULAS DE VEGETAIS
1065-1/02	FABRICAÇÃO DE ÓLEO DE MILHO EM BRUTO
1065-1/03	FABRICAÇÃO DE ÓLEO DE MILHO REFINADO
1066-0/00	FABRICAÇÃO DE ALIMENTOS PARA ANIMAIS
1069-4/00	MOAGEM E FABRICAÇÃO DE PRODUTOS DE ORIGEM VEGETAL NÃO ESPECIFICADOS ANTERIORMENTE
1071-6/00	FABRICAÇÃO DE AÇÚCAR EM BRUTO
1072-4/01	FABRICAÇÃO DE AÇÚCAR DE CANA REFINADO
1072-4/02	FABRICAÇÃO DE AÇÚCAR DE CEREAIS (DEXTROSE) E DE BETERRABA
1081-3/01	BENEFICIAMENTO DE CAFÉ
1081-3/02	TORREFAÇÃO E MOAGEM DE CAFÉ
1082-1/00	FABRICAÇÃO DE PRODUTOS À BASE DE CAFÉ
1091-1/01	FABRICAÇÃO DE PRODUTOS DE PANIFICAÇÃO INDUSTRIAL
1091-1/02	FABRICAÇÃO DE PRODUTOS DE PADARIA E CONFEITARIA COM PREDOMINÂNCIA  DE PRODUÇÃO PRÓPRIA
1092-9/00	FABRICAÇÃO DE BISCOITOS E BOLACHAS
1093-7/01	FABRICAÇÃO DE PRODUTOS DERIVADOS DO CACAU E DE CHOCOLATES
1093-7/02	FABRICAÇÃO DE FRUTAS CRISTALIZADAS, BALAS E SEMELHANTES
1094-5/00	FABRICAÇÃO DE MASSAS ALIMENTÍCIAS
1095-3/00	FABRICAÇÃO DE ESPECIARIAS, MOLHOS, TEMPEROS E CONDIMENTOS
1096-1/00	FABRICAÇÃO DE ALIMENTOS E PRATOS PRONTOS
1099-6/01	FABRICAÇÃO DE VINAGRES
1099-6/02	FABRICAÇÃO DE PÓS ALIMENTÍCIOS
1099-6/03	FABRICAÇÃO DE FERMENTOS E LEVEDURAS
1099-6/04	FABRICAÇÃO DE GELO COMUM
1099-6/05	FABRICAÇÃO DE PRODUTOS PARA INFUSÃO (CHÁ, MATE, ETC.)
1099-6/06	FABRICAÇÃO DE ADOÇANTES NATURAIS E ARTIFICIAIS
1099-6/07	FABRICAÇÃO DE ALIMENTOS DIETÉTICOS E COMPLEMENTOS ALIMENTARES
1099-6/99	FABRICAÇÃO DE OUTROS PRODUTOS ALIMENTÍCIOS NÃO ESPECIFICADOS ANTERIORMENTE
1111-9/01	FABRICAÇÃO DE AGUARDENTE DE CANA DE AÇÚCAR
1111-9/02	FABRICAÇÃO DE OUTRAS AGUARDENTES E BEBIDAS DESTILADAS
1112-7/00	FABRICAÇÃO DE VINHO
1113-5/01	FABRICAÇÃO DE MALTE, INCLUSIVE MALTE UÍSQUE
1113-5/02	FABRICAÇÃO DE CERVEJAS E CHOPES
1121-6/00	FABRICAÇÃO DE ÁGUAS ENVASADAS
1122-4/01	FABRICAÇÃO DE REFRIGERANTES
1122-4/02	FABRICAÇÃO DE CHÁ MATE E OUTROS CHÁS PRONTOS PARA CONSUMO
1122-4/03	FABRICAÇÃO DE REFRESCOS, XAROPES E PÓS PARA REFRESCOS, EXCETO REFRESCOS DE FRUTAS
1122-4/04	FABRICAÇÃO DE BEBIDAS ISOTÔNICAS
1122-4/99	FABRICAÇÃO DE OUTRAS BEBIDAS NÃO ALCOÓLICAS NÃO ESPECIFICADAS ANTERIORMENTE
1210-7/00	PROCESSAMENTO INDUSTRIAL DO FUMO
1220-4/01	FABRICAÇÃO DE CIGARROS
1220-4/02	FABRICAÇÃO DE CIGARRILHAS E CHARUTOS
1220-4/03	FABRICAÇÃO DE FILTROS PARA CIGARROS
1220-4/99	FABRICAÇÃO DE OUTROS PRODUTOS DO FUMO, EXCETO CIGARROS, CIGARRILHAS E CHARUTOS
1311-1/00	PREPARAÇÃO E FIAÇÃO DE FIBRAS DE ALGODÃO
1312-0/00	PREPARAÇÃO E FIAÇÃO DE FIBRAS TÊXTEIS NATURAIS, EXCETO ALGODÃO
1313-8/00	FIAÇÃO DE FIBRAS ARTIFICIAIS E SINTÉTICAS
1314-6/00	FABRICAÇÃO DE LINHAS PARA COSTURAR E BORDAR
1321-9/00	TECELAGEM DE FIOS DE ALGODÃO
1322-7/00	TECELAGEM DE FIOS DE FIBRAS TÊXTEIS NATURAIS, EXCETO ALGODÃO
1323-5/00	TECELAGEM DE FIOS DE FIBRAS ARTIFICIAIS E SINTÉTICAS
1330-8/00	FABRICAÇÃO DE TECIDOS DE MALHA
1340-5/01	ESTAMPARIA E TEXTURIZAÇÃO EM FIOS, TECIDOS, ARTEFATOS TÊXTEIS E PEÇAS DO VESTUÁRIO
1340-5/02	ALVEJAMENTO, TINGIMENTO E TORÇÃO EM FIOS, TECIDOS, ARTEFATOS TÊXTEIS E PEÇAS DO VESTUÁRIO
1340-5/99	OUTROS SERVIÇOS DE ACABAMENTO EM FIOS, TECIDOS, ARTEFATOS TÊXTEIS E PEÇAS DO VESTUÁRIO
1351-1/00	FABRICAÇÃO DE ARTEFATOS TÊXTEIS PARA USO DOMÉSTICO
1352-9/00	FABRICAÇÃO DE ARTEFATOS DE TAPEÇARIA
1353-7/00	FABRICAÇÃO DE ARTEFATOS DE CORDOARIA
1354-5/00	FABRICAÇÃO DE TECIDOS ESPECIAIS, INCLUSIVE ARTEFATOS
1359-6/00	FABRICAÇÃO DE OUTROS PRODUTOS TÊXTEIS NÃO ESPECIFICADOS ANTERIORMENTE
1411-8/01	CONFECÇÃO DE ROUPAS ÍNTIMAS
1411-8/02	FACÇÃO DE ROUPAS ÍNTIMAS
1412-6/01	CONFECÇÃO DE PEÇAS DE VESTUÁRIO, EXCETO ROUPAS ÍNTIMAS E AS CONFECCIONADAS SOB MEDIDA
1412-6/02	CONFECÇÃO, SOB MEDIDA, DE PEÇAS DO VESTUÁRIO, EXCETO ROUPAS ÍNTIMAS
1412-6/03	FACÇÃO DE PEÇAS DO VESTUÁRIO, EXCETO ROUPAS ÍNTIMAS
1413-4/01	CONFECÇÃO DE ROUPAS PROFISSIONAIS, EXCETO SOB MEDIDA
1413-4/02	CONFECÇÃO, SOB MEDIDA, DE ROUPAS PROFISSIONAIS
1413-4/03	FACÇÃO DE ROUPAS PROFISSIONAIS
1414-2/00	FABRICAÇÃO DE ACESSÓRIOS DO VESTUÁRIO, EXCETO PARA SEGURANÇA E PROTEÇÃO
1421-5/00	FABRICAÇÃO DE MEIAS
1422-3/00	FABRICAÇÃO DE ARTIGOS DO VESTUÁRIO, PRODUZIDOS EM MALHARIAS E TRICOTAGENS, EXCETO MEIAS
1510-6/00	CURTIMENTO E OUTRAS PREPARAÇÕES DE COURO
1521-1/00	FABRICAÇÃO DE ARTIGOS PARA VIAGEM, BOLSAS E SEMELHANTES DE QUALQUER MATERIAL
1529-7/00	FABRICAÇÃO DE ARTEFATOS DE COURO NÃO ESPECIFICADOS ANTERIORMENTE
1531-9/01	FABRICAÇÃO DE CALÇADOS DE COURO
1531-9/02	ACABAMENTO DE CALÇADOS DE COURO SOB CONTRATO
1532-7/00	FABRICAÇÃO DE TÊNIS DE QUALQUER MATERIAL
1533-5/00	FABRICAÇÃO DE CALÇADOS DE MATERIAL SINTÉTICO
1539-4/00	FABRICAÇÃO DE CALÇADOS DE MATERIAIS NÃO ESPECIFICADOS ANTERIORMENTE
1540-8/00	FABRICAÇÃO DE PARTES PARA CALÇADOS, DE QUALQUER MATERIAL
1610-2/03	SERRARIAS COM DESDOBRAMENTO DE MADEIRA EM BRUTO
1610-2/04	SERRARIAS SEM DESDOBRAMENTO DE MADEIRA EM BRUTO - RESSERRAGEM
1610-2/05	SERVIÇO DE TRATAMENTO DE MADEIRA REALIZADO SOB CONTRATO
1621-8/00	FABRICAÇÃO DE MADEIRA LAMINADA E DE CHAPAS DE MADEIRA COMPENSADA, PRENSADA E AGLOMERADA
1622-6/01	FABRICAÇÃO DE CASAS DE MADEIRA PRÉ FABRICADAS
1622-6/02	FABRICAÇÃO DE ESQUADRIAS DE MADEIRA E DE PEÇAS DE MADEIRA PARA INSTALAÇÕES INDUSTRIAIS E COMERCIAIS
1622-6/99	FABRICAÇÃO DE OUTROS ARTIGOS DE CARPINTARIA PARA CONSTRUÇÃO
1623-4/00	FABRICAÇÃO DE ARTEFATOS DE TANOARIA E DE EMBALAGENS DE MADEIRA
1629-3/01	FABRICAÇÃO DE ARTEFATOS DIVERSOS DE MADEIRA, EXCETO MÓVEIS
1629-3/02	FABRICAÇÃO DE ARTEFATOS DIVERSOS DE CORTIÇA, BAMBU, PALHA, VIME E OUTROS MATERIAIS TRANÇADOS, EXCETO MÓVEIS
1710-9/00	FABRICAÇÃO DE CELULOSE E OUTRAS PASTAS PARA A FABRICAÇÃO DE PAPEL
1721-4/00	FABRICAÇÃO DE PAPEL
1722-2/00	FABRICAÇÃO DE CARTOLINA E PAPEL CARTÃO
1731-1/00	FABRICAÇÃO DE EMBALAGENS DE PAPEL
1732-0/00	FABRICAÇÃO DE EMBALAGENS DE CARTOLINA E PAPEL CARTÃO
1733-8/00	FABRICAÇÃO DE CHAPAS E DE EMBALAGENS DE PAPELÃO ONDULADO
1741-9/01	FABRICAÇÃO DE FORMULÁRIOS CONTÍNUOS
1741-9/02	FABRICAÇÃO DE PRODUTOS DE PAPEL, CARTOLINA, PAPEL CARTÃO E PAPELÃO ONDULADO PARA USO COMERCIAL E DE ESCRITÓRIO
1742-7/01	FABRICAÇÃO DE FRALDAS DESCARTÁVEIS
1742-7/02	FABRICAÇÃO DE ABSORVENTES HIGIÊNICOS
1742-7/99	FABRICAÇÃO DE PRODUTOS DE PAPEL PARA USO DOMÉSTICO E HIGIÊNICO SANITÁRIO NÃO ESPECIFICADOS ANTERIORMENTE
1749-4/00	FABRICAÇÃO DE PRODUTOS DE PASTAS CELULÓSICAS, PAPEL, CARTOLINA, PAPEL CARTÃO E PAPELÃO ONDULADO NÃO ESPECIFICADOS ANTERIORMENTE
1811-3/01	IMPRESSÃO DE JORNAIS
1811-3/02	IMPRESSÃO DE LIVROS, REVISTAS E OUTRAS PUBLICAÇÕES PERIÓDICAS
1812-1/00	IMPRESSÃO DE MATERIAL DE SEGURANÇA
1813-0/01	IMPRESSÃO DE MATERIAL PARA USO PUBLICITÁRIO
1813-0/99	IMPRESSÃO DE MATERIAL PARA OUTROS USOS
1821-1/00	SERVIÇOS DE PRÉ IMPRESSÃO
1822-9/01	SERVIÇOS DE ENCADERNAÇÃO E PLASTIFICAÇÃO
1822-9/99	SERVIÇOS DE ACABAMENTOS GRÁFICOS, EXCETO ENCADERNAÇÃO E PLASTIFICAÇÃO
1830-0/01	REPRODUÇÃO DE SOM EM QUALQUER SUPORTE
1830-0/02	REPRODUÇÃO DE VÍDEO EM QUALQUER SUPORTE
1830-0/03	REPRODUÇÃO DE SOFTWARE EM QUALQUER SUPORTE
1910-1/00	COQUERIAS
1921-7/00	FABRICAÇÃO DE PRODUTOS DO REFINO DE PETRÓLEO
1922-5/01	FORMULAÇÃO DE COMBUSTÍVEIS
1922-5/02	RERREFINO DE ÓLEOS LUBRIFICANTES
1922-5/99	FABRICAÇÃO DE OUTROS PRODUTOS DERIVADOS DO PETRÓLEO, EXCETO PRODUTOS DO REFINO
1931-4/00	FABRICAÇÃO DE ÁLCOOL
1932-2/00	FABRICAÇÃO DE BIOCOMBUSTÍVEIS, EXCETO ÁLCOOL
2011-8/00	FABRICAÇÃO DE CLORO E ÁLCALIS
2012-6/00	FABRICAÇÃO DE INTERMEDIÁRIOS PARA FERTILIZANTES
2013-4/01	FABRICAÇÃO DE ADUBOS E FERTILIZANTES ORGANOMINERAIS
2013-4/02	FABRICAÇÃO DE ADUBOS E FERTILIZANTES, EXCETO ORGANOMINERAIS
2014-2/00	FABRICAÇÃO DE GASES INDUSTRIAIS
2019-3/01	ELABORAÇÃO DE COMBUSTÍVEIS NUCLEARES
2019-3/99	FABRICAÇÃO DE OUTROS PRODUTOS QUÍMICOS INORGÂNICOS NÃO ESPECIFICADOS ANTERIORMENTE
2021-5/00	FABRICAÇÃO DE PRODUTOS PETROQUÍMICOS BÁSICOS
2022-3/00	FABRICAÇÃO DE INTERMEDIÁRIOS PARA PLASTIFICANTES, RESINAS E FIBRAS
2029-1/00	FABRICAÇÃO DE PRODUTOS QUÍMICOS ORGÂNICOS NÃO ESPECIFICADOS ANTERIORMENTE
2031-2/00	FABRICAÇÃO DE RESINAS TERMOPLÁSTICAS
2032-1/00	FABRICAÇÃO DE RESINAS TERMOFIXAS
2033-9/00	FABRICAÇÃO DE ELASTÔMEROS
2040-1/00	FABRICAÇÃO DE FIBRAS ARTIFICIAIS E SINTÉTICAS
2051-7/00	FABRICAÇÃO DE DEFENSIVOS AGRÍCOLAS
2052-5/00	FABRICAÇÃO DE DESINFESTANTES DOMISSANITÁRIOS
2061-4/00	FABRICAÇÃO DE SABÕES E DETERGENTES SINTÉTICOS
2062-2/00	FABRICAÇÃO DE PRODUTOS DE LIMPEZA E POLIMENTO
2063-1/00	FABRICAÇÃO DE COSMÉTICOS, PRODUTOS DE PERFUMARIA E DE HIGIENE PESSOAL
2071-1/00	FABRICAÇÃO DE TINTAS, VERNIZES, ESMALTES E LACAS
2072-0/00	FABRICAÇÃO DE TINTAS DE IMPRESSÃO
2073-8/00	FABRICAÇÃO DE IMPERMEABILIZANTES, SOLVENTES E PRODUTOS AFINS
2091-6/00	FABRICAÇÃO DE ADESIVOS E SELANTES
2092-4/01	FABRICAÇÃO DE PÓLVORAS, EXPLOSIVOS E DETONANTES
2092-4/02	FABRICAÇÃO DE ARTIGOS PIROTÉCNICOS
2092-4/03	FABRICAÇÃO DE FÓSFOROS DE SEGURANÇA
2093-2/00	FABRICAÇÃO DE ADITIVOS DE USO INDUSTRIAL
2094-1/00	FABRICAÇÃO DE CATALISADORES
2099-1/01	FABRICAÇÃO DE CHAPAS, FILMES, PAPÉIS E OUTROS MATERIAIS E PRODUTOS QUÍMICOS PARA FOTOGRAFIA
2099-1/99	FABRICAÇÃO DE OUTROS PRODUTOS QUÍMICOS NÃO ESPECIFICADOS ANTERIORMENTE
2110-6/00	FABRICAÇÃO DE PRODUTOS FARMOQUÍMICOS
2121-1/01	FABRICAÇÃO DE MEDICAMENTOS ALOPÁTICOS PARA USO HUMANO
2121-1/02	FABRICAÇÃO DE MEDICAMENTOS HOMEOPÁTICOS PARA USO HUMANO
2121-1/03	FABRICAÇÃO DE MEDICAMENTOS FITOTERÁPICOS PARA USO HUMANO
2122-0/00	FABRICAÇÃO DE MEDICAMENTOS PARA USO VETERINÁRIO
2123-8/00	FABRICAÇÃO DE PREPARAÇÕES FARMACÊUTICAS
2211-1/00	FABRICAÇÃO DE PNEUMÁTICOS E DE CÂMARAS DE AR
2212-9/00	REFORMA DE PNEUMÁTICOS USADOS
2219-6/00	FABRICAÇÃO DE ARTEFATOS DE BORRACHA NÃO ESPECIFICADOS ANTERIORMENTE
2221-8/00	FABRICAÇÃO DE LAMINADOS PLANOS E TUBULARES DE MATERIAL PLÁSTICO
2222-6/00	FABRICAÇÃO DE EMBALAGENS DE MATERIAL PLÁSTICO
2223-4/00	FABRICAÇÃO DE TUBOS E ACESSÓRIOS DE MATERIAL PLÁSTICO PARA USO NA CONSTRUÇÃO
2229-3/01	FABRICAÇÃO DE ARTEFATOS DE MATERIAL PLÁSTICO PARA USO PESSOAL E DOMÉSTICO
2229-3/02	FABRICAÇÃO DE ARTEFATOS DE MATERIAL PLÁSTICO PARA USOS INDUSTRIAIS
2229-3/03	FABRICAÇÃO DE ARTEFATOS DE MATERIAL PLÁSTICO PARA USO NA CONSTRUÇÃO, EXCETO TUBOS E ACESSÓRIOS
2229-3/99	FABRICAÇÃO DE ARTEFATOS DE MATERIAL PLÁSTICO PARA OUTROS USOS NÃO ESPECIFICADOS ANTERIORMENTE
2311-7/00	FABRICAÇÃO DE VIDRO PLANO E DE SEGURANÇA
2312-5/00	FABRICAÇÃO DE EMBALAGENS DE VIDRO
2319-2/00	FABRICAÇÃO DE ARTIGOS DE VIDRO
2320-6/00	FABRICAÇÃO DE CIMENTO
2330-3/01	FABRICAÇÃO DE ESTRUTURAS PRÉ MOLDADAS DE CONCRETO ARMADO, EM SÉRIE E SOB ENCOMENDA
2330-3/02	FABRICAÇÃO DE ARTEFATOS DE CIMENTO PARA USO NA CONSTRUÇÃO
2330-3/03	FABRICAÇÃO DE ARTEFATOS DE FIBROCIMENTO PARA USO NA CONSTRUÇÃO
2330-3/04	FABRICAÇÃO DE CASAS PRÉ MOLDADAS DE CONCRETO
2330-3/05	PREPARAÇÃO DE MASSA DE CONCRETO E ARGAMASSA PARA CONSTRUÇÃO
2330-3/99	FABRICAÇÃO DE OUTROS ARTEFATOS E PRODUTOS DE CONCRETO, CIMENTO, FIBROCIMENTO, GESSO E MATERIAIS SEMELHANTES
2341-9/00	FABRICAÇÃO DE PRODUTOS CERÂMICOS REFRATÁRIOS
2342-7/01	FABRICAÇÃO DE AZULEJOS E PISOS
2342-7/02	FABRICAÇÃO DE ARTEFATOS DE CERÂMICA E BARRO COZIDO PARA USO NA CONSTRUÇÃO, EXCETO AZULEJOS E PISOS
2349-4/01	FABRICAÇÃO DE MATERIAL SANITÁRIO DE CERÂMICA
2349-4/99	FABRICAÇÃO DE PRODUTOS CERÂMICOS NÃO REFRATÁRIOS NÃO ESPECIFICADOS ANTERIORMENTE
2391-5/01	BRITAMENTO DE PEDRAS, EXCETO ASSOCIADO À EXTRAÇÃO
2391-5/02	APARELHAMENTO DE PEDRAS PARA CONSTRUÇÃO, EXCETO ASSOCIADO À EXTRAÇÃO
2391-5/03	APARELHAMENTO DE PLACAS E EXECUÇÃO DE TRABALHOS EM MÁRMORE, GRANITO, ARDÓSIA E OUTRAS PEDRAS
2392-3/00	FABRICAÇÃO DE CAL E GESSO
2399-1/01	DECORAÇÃO, LAPIDAÇÃO, GRAVAÇÃO, VITRIFICAÇÃO E OUTROS TRABALHOS EM CERÂMICA, LOUÇA, VIDRO E CRISTAL
2399-1/02	FABRICAÇÃO DE ABRASIVOS
2399-1/99	FABRICAÇÃO DE OUTROS PRODUTOS DE MINERAIS NÃO METÁLICOS NÃO ESPECIFICADOS ANTERIORMENTE
2411-3/00	PRODUÇÃO DE FERRO GUSA
2412-1/00	PRODUÇÃO DE FERROLIGAS
2421-1/00	PRODUÇÃO DE SEMI ACABADOS DE AÇO
2422-9/01	PRODUÇÃO DE LAMINADOS PLANOS DE AÇO AO CARBONO, REVESTIDOS OU NÃO
2422-9/02	PRODUÇÃO DE LAMINADOS PLANOS DE AÇOS ESPECIAIS
2423-7/01	PRODUÇÃO DE TUBOS DE AÇO SEM COSTURA
2423-7/02	PRODUÇÃO DE LAMINADOS LONGOS DE AÇO, EXCETO TUBOS
2424-5/01	PRODUÇÃO DE ARAMES DE AÇO
2424-5/02	PRODUÇÃO DE RELAMINADOS, TREFILADOS E PERFILADOS DE AÇO, EXCETO ARAMES
2431-8/00	PRODUÇÃO DE TUBOS DE AÇO COM COSTURA
2439-3/00	PRODUÇÃO DE OUTROS TUBOS DE FERRO E AÇO
2441-5/01	PRODUÇÃO DE ALUMÍNIO E SUAS LIGAS EM FORMAS PRIMÁRIAS
2441-5/02	PRODUÇÃO DE LAMINADOS DE ALUMÍNIO
2442-3/00	METALURGIA DOS METAIS PRECIOSOS
2443-1/00	METALURGIA DO COBRE
2449-1/01	PRODUÇÃO DE ZINCO EM FORMAS PRIMÁRIAS
2449-1/02	PRODUÇÃO DE LAMINADOS DE ZINCO
2449-1/03	FABRICAÇÃO DE ÂNODOS PARA GALVANOPLASTIA
2449-1/99	METALURGIA DE OUTROS METAIS NÃO FERROSOS E SUAS LIGAS NÃO ESPECIFICADOS ANTERIORMENTE
2451-2/00	FUNDIÇÃO DE FERRO E AÇO
2452-1/00	FUNDIÇÃO DE METAIS NÃO FERROSOS E SUAS LIGAS
2511-0/00	FABRICAÇÃO DE ESTRUTURAS METÁLICAS
2512-8/00	FABRICAÇÃO DE ESQUADRIAS DE METAL
2513-6/00	FABRICAÇÃO DE OBRAS DE CALDEIRARIA PESADA
2521-7/00	FABRICAÇÃO DE TANQUES, RESERVATÓRIOS METÁLICOS E CALDEIRAS PARA AQUECIMENTO CENTRAL
2522-5/00	FABRICAÇÃO DE CALDEIRAS GERADORAS DE VAPOR, EXCETO PARA AQUECIMENTO CENTRAL E PARA VEÍCULOS
2531-4/01	PRODUÇÃO DE FORJADOS DE AÇO
2531-4/02	PRODUÇÃO DE FORJADOS DE METAIS NÃO FERROSOS E SUAS LIGAS
2532-2/01	PRODUÇÃO DE ARTEFATOS ESTAMPADOS DE METAL
2532-2/02	METALURGIA DO PÓ
2539-0/01	SERVIÇOS DE USINAGEM, TORNEARIA E SOLDA
2539-0/02	SERVIÇOS DE TRATAMENTO E REVESTIMENTO EM METAIS
2541-1/00	FABRICAÇÃO DE ARTIGOS DE CUTELARIA
2542-0/00	FABRICAÇÃO DE ARTIGOS DE SERRALHERIA, EXCETO ESQUADRIAS
2543-8/00	FABRICAÇÃO DE FERRAMENTAS
2550-1/01	FABRICAÇÃO DE EQUIPAMENTO BÉLICO PESADO, EXCETO VEÍCULOS MILITARES DE COMBATE
2550-1/02	FABRICAÇÃO DE ARMAS DE FOGO, OUTRAS ARMAS  E MUNIÇÕES
2591-8/00	FABRICAÇÃO DE EMBALAGENS METÁLICAS
2592-6/01	FABRICAÇÃO DE PRODUTOS DE TREFILADOS DE METAL PADRONIZADOS
2592-6/02	FABRICAÇÃO DE PRODUTOS DE TREFILADOS DE METAL, EXCETO PADRONIZADOS
2593-4/00	FABRICAÇÃO DE ARTIGOS DE METAL PARA USO DOMÉSTICO E PESSOAL
2599-3/01	SERVIÇOS DE CONFECÇÃO DE ARMAÇÕES METÁLICAS PARA A CONSTRUÇÃO
2599-3/02	SERVIÇO DE CORTE E DOBRA DE METAIS
2599-3/99	FABRICAÇÃO DE OUTROS PRODUTOS DE METAL NÃO ESPECIFICADOS ANTERIORMENTE
2610-8/00	FABRICAÇÃO DE COMPONENTES ELETRÔNICOS
2621-3/00	FABRICAÇÃO DE EQUIPAMENTOS DE INFORMÁTICA
2622-1/00	FABRICAÇÃO DE PERIFÉRICOS PARA EQUIPAMENTOS DE INFORMÁTICA
2631-1/00	FABRICAÇÃO DE EQUIPAMENTOS TRANSMISSORES DE COMUNICAÇÃO, PEÇAS E ACESSÓRIOS
2632-9/00	FABRICAÇÃO DE APARELHOS TELEFÔNICOS E DE OUTROS EQUIPAMENTOS DE COMUNICAÇÃO, PEÇAS E ACESSÓRIOS
2640-0/00	FABRICAÇÃO DE APARELHOS DE RECEPÇÃO, REPRODUÇÃO, GRAVAÇÃO E AMPLIFICAÇÃO DE ÁUDIO E VÍDEO
2651-5/00	FABRICAÇÃO DE APARELHOS E EQUIPAMENTOS DE MEDIDA, TESTE E CONTROLE
2652-3/00	FABRICAÇÃO DE CRONÔMETROS E RELÓGIOS
2660-4/00	FABRICAÇÃO DE APARELHOS ELETROMÉDICOS E ELETROTERAPÊUTICOS E EQUIPAMENTOS DE IRRADIAÇÃO
2670-1/01	FABRICAÇÃO DE EQUIPAMENTOS E INSTRUMENTOS ÓPTICOS, PEÇAS E ACESSÓRIOS
2670-1/02	FABRICAÇÃO DE APARELHOS FOTOGRÁFICOS E CINEMATOGRÁFICOS, PEÇAS E ACESSÓRIOS
2680-9/00	FABRICAÇÃO DE MÍDIAS VIRGENS, MAGNÉTICAS E ÓPTICAS
2710-4/01	FABRICAÇÃO DE GERADORES DE CORRENTE CONTÍNUA E ALTERNADA, PEÇAS E ACESSÓRIOS
2710-4/02	FABRICAÇÃO DE TRANSFORMADORES, INDUTORES, CONVERSORES, SINCRONIZADORES E SEMELHANTES, PEÇAS E ACESSÓRIOS
2710-4/03	FABRICAÇÃO DE MOTORES ELÉTRICOS, PEÇAS E ACESSÓRIOS
2721-0/00	FABRICAÇÃO DE PILHAS, BATERIAS E ACUMULADORES ELÉTRICOS, EXCETO PARA VEÍCULOS AUTOMOTORES
2722-8/01	FABRICAÇÃO DE BATERIAS E ACUMULADORES PARA VEÍCULOS AUTOMOTORES
2722-8/02	RECONDICIONAMENTO DE BATERIAS E ACUMULADORES PARA VEÍCULOS AUTOMOTORES
2731-7/00	FABRICAÇÃO DE APARELHOS E EQUIPAMENTOS PARA DISTRIBUIÇÃO E CONTROLE DE ENERGIA ELÉTRICA
2732-5/00	FABRICAÇÃO DE MATERIAL ELÉTRICO PARA INSTALAÇÕES EM CIRCUITO DE CONSUMO
2733-3/00	FABRICAÇÃO DE FIOS, CABOS E CONDUTORES ELÉTRICOS ISOLADOS
2740-6/01	FABRICAÇÃO DE LÂMPADAS
2740-6/02	FABRICAÇÃO DE LUMINÁRIAS E OUTROS EQUIPAMENTOS DE ILUMINAÇÃO
2751-1/00	FABRICAÇÃO DE FOGÕES, REFRIGERADORES E MÁQUINAS DE LAVAR E SECAR PARA USO DOMÉSTICO, PEÇAS E ACESSÓRIOS
2759-7/01	FABRICAÇÃO DE APARELHOS ELÉTRICOS DE USO PESSOAL, PEÇAS E ACESSÓRIOS
2759-7/99	FABRICAÇÃO DE OUTROS APARELHOS ELETRODOMÉSTICOS NÃO ESPECIFICADOS ANTERIORMENTE, PEÇAS E ACESSÓRIOS
2790-2/01	FABRICAÇÃO DE ELETRODOS, CONTATOS E OUTROS ARTIGOS DE CARVÃO E GRAFITA PARA USO ELÉTRICO, ELETROÍMÃS E ISOLADORES
2790-2/02	FABRICAÇÃO DE EQUIPAMENTOS PARA SINALIZAÇÃO E ALARME
2790-2/99	FABRICAÇÃO DE OUTROS EQUIPAMENTOS E APARELHOS ELÉTRICOS NÃO ESPECIFICADOS ANTERIORMENTE
2811-9/00	FABRICAÇÃO DE MOTORES E TURBINAS, PEÇAS E ACESSÓRIOS, EXCETO PARA AVIÕES E VEÍCULOS RODOVIÁRIOS
2812-7/00	FABRICAÇÃO DE EQUIPAMENTOS HIDRÁULICOS E PNEUMÁTICOS, PEÇAS E ACESSÓRIOS, EXCETO VÁLVULAS
2813-5/00	FABRICAÇÃO DE VÁLVULAS, REGISTROS E DISPOSITIVOS SEMELHANTES, PEÇAS E ACESSÓRIOS
2814-3/01	FABRICAÇÃO DE COMPRESSORES PARA USO INDUSTRIAL, PEÇAS E ACESSÓRIOS
2814-3/02	FABRICAÇÃO DE COMPRESSORES PARA USO NÃO INDUSTRIAL, PEÇAS E ACESSÓRIOS
2815-1/01	FABRICAÇÃO DE ROLAMENTOS PARA FINS INDUSTRIAIS
2815-1/02	FABRICAÇÃO DE EQUIPAMENTOS DE TRANSMISSÃO PARA FINS INDUSTRIAIS, EXCETO ROLAMENTOS
2821-6/01	FABRICAÇÃO DE FORNOS INDUSTRIAIS, APARELHOS E EQUIPAMENTOS NÃO ELÉTRICOS PARA INSTALAÇÕES TÉRMICAS, PEÇAS E ACESSÓRIOS
2821-6/02	FABRICAÇÃO DE ESTUFAS E FORNOS ELÉTRICOS PARA FINS INDUSTRIAIS, PEÇAS E ACESSÓRIOS
2822-4/01	FABRICAÇÃO DE MÁQUINAS, EQUIPAMENTOS E APARELHOS PARA TRANSPORTE E ELEVAÇÃO DE PESSOAS, PEÇAS E ACESSÓRIOS
2822-4/02	FABRICAÇÃO DE MÁQUINAS, EQUIPAMENTOS E APARELHOS PARA TRANSPORTE E ELEVAÇÃO DE CARGAS, PEÇAS E ACESSÓRIOS
2823-2/00	FABRICAÇÃO DE MÁQUINAS E APARELHOS DE REFRIGERAÇÃO E VENTILAÇÃO PARA USO INDUSTRIAL E COMERCIAL, PEÇAS E ACESSÓRIOS
2824-1/01	FABRICAÇÃO DE APARELHOS E EQUIPAMENTOS DE AR CONDICIONADO PARA USO INDUSTRIAL
2824-1/02	FABRICAÇÃO DE APARELHOS E EQUIPAMENTOS DE AR CONDICIONADO PARA USO NÃO INDUSTRIAL
2825-9/00	FABRICAÇÃO DE MÁQUINAS E EQUIPAMENTOS PARA SANEAMENTO BÁSICO E AMBIENTAL, PEÇAS E ACESSÓRIOS
2829-1/01	FABRICAÇÃO DE MÁQUINAS DE ESCREVER, CALCULAR E OUTROS EQUIPAMENTOS NÃO ELETRÔNICOS PARA ESCRITÓRIO, PEÇAS E ACESSÓRIOS
2829-1/99	FABRICAÇÃO DE OUTRAS MÁQUINAS E EQUIPAMENTOS DE USO GERAL NÃO ESPECIFICADOS ANTERIORMENTE, PEÇAS E ACESSÓRIOS
2831-3/00	FABRICAÇÃO DE TRATORES AGRÍCOLAS, PEÇAS E ACESSÓRIOS
2832-1/00	FABRICAÇÃO DE EQUIPAMENTOS PARA IRRIGAÇÃO AGRÍCOLA, PEÇAS E ACESSÓRIOS
2833-0/00	FABRICAÇÃO DE MÁQUINAS E EQUIPAMENTOS PARA A AGRICULTURA E PECUÁRIA, PEÇAS E ACESSÓRIOS, EXCETO PARA IRRIGAÇÃO
2840-2/00	FABRICAÇÃO DE MÁQUINAS FERRAMENTA, PEÇAS E ACESSÓRIOS
2851-8/00	FABRICAÇÃO DE MÁQUINAS E EQUIPAMENTOS PARA A PROSPECÇÃO E EXTRAÇÃO DE PETRÓLEO, PEÇAS E ACESSÓRIOS
2852-6/00	FABRICAÇÃO DE OUTRAS MÁQUINAS E EQUIPAMENTOS PARA USO NA EXTRAÇÃO MINERAL, PEÇAS E ACESSÓRIOS, EXCETO NA EXTRAÇÃO DE PETRÓLEO
2853-4/00	FABRICAÇÃO DE TRATORES, PEÇAS E ACESSÓRIOS, EXCETO AGRÍCOLAS
2854-2/00	FABRICAÇÃO DE MÁQUINAS E EQUIPAMENTOS PARA TERRAPLENAGEM, PAVIMENTAÇÃO E CONSTRUÇÃO, PEÇAS E ACESSÓRIOS, EXCETO TRATORES
2861-5/00	FABRICAÇÃO DE MÁQUINAS PARA A INDÚSTRIA METALÚRGICA, PEÇAS E ACESSÓRIOS, EXCETO MÁQUINAS FERRAMENTA
2862-3/00	FABRICAÇÃO DE MÁQUINAS E EQUIPAMENTOS PARA AS INDÚSTRIAS DE ALIMENTOS, BEBIDAS E FUMO, PEÇAS E ACESSÓRIOS
2863-1/00	FABRICAÇÃO DE MÁQUINAS E EQUIPAMENTOS PARA A INDÚSTRIA TÊXTIL, PEÇAS E ACESSÓRIOS
2864-0/00	FABRICAÇÃO DE MÁQUINAS E EQUIPAMENTOS PARA AS INDÚSTRIAS DO VESTUÁRIO, DO COURO E DE CALÇADOS, PEÇAS E ACESSÓRIOS
2865-8/00	FABRICAÇÃO DE MÁQUINAS E EQUIPAMENTOS PARA AS INDÚSTRIAS DE CELULOSE, PAPEL E PAPELÃO E ARTEFATOS, PEÇAS E ACESSÓRIOS
2866-6/00	FABRICAÇÃO DE MÁQUINAS E EQUIPAMENTOS PARA A INDÚSTRIA DO PLÁSTICO, PEÇAS E ACESSÓRIOS
2869-1/00	FABRICAÇÃO DE MÁQUINAS E EQUIPAMENTOS PARA USO INDUSTRIAL ESPECÍFICO NÃO ESPECIFICADOS ANTERIORMENTE, PEÇAS E ACESSÓRIOS
2910-7/01	FABRICAÇÃO DE AUTOMÓVEIS, CAMIONETAS E UTILITÁRIOS
2910-7/02	FABRICAÇÃO DE CHASSIS COM MOTOR PARA AUTOMÓVEIS, CAMIONETAS E UTILITÁRIOS
2910-7/03	FABRICAÇÃO DE MOTORES PARA AUTOMÓVEIS, CAMIONETAS E UTILITÁRIOS
2920-4/01	FABRICAÇÃO DE CAMINHÕES E ÔNIBUS
2920-4/02	FABRICAÇÃO DE MOTORES PARA CAMINHÕES E ÔNIBUS
2930-1/01	FABRICAÇÃO DE CABINES, CARROCERIAS E REBOQUES PARA CAMINHÕES
2930-1/02	FABRICAÇÃO DE CARROCERIAS PARA ÔNIBUS
2930-1/03	FABRICAÇÃO DE CABINES, CARROCERIAS E REBOQUES PARA OUTROS VEÍCULOS AUTOMOTORES, EXCETO CAMINHÕES E ÔNIBUS
2941-7/00	FABRICAÇÃO DE PEÇAS E ACESSÓRIOS PARA O SISTEMA MOTOR DE VEÍCULOS AUTOMOTORES
2942-5/00	FABRICAÇÃO DE PEÇAS E ACESSÓRIOS PARA OS SISTEMAS DE MARCHA E TRANSMISSÃO DE VEÍCULOS AUTOMOTORES
2943-3/00	FABRICAÇÃO DE PEÇAS E ACESSÓRIOS PARA O SISTEMA DE FREIOS DE VEÍCULOS AUTOMOTORES
2944-1/00	FABRICAÇÃO DE PEÇAS E ACESSÓRIOS PARA O SISTEMA DE DIREÇÃO E SUSPENSÃO DE VEÍCULOS AUTOMOTORES
2945-0/00	FABRICAÇÃO DE MATERIAL ELÉTRICO E ELETRÔNICO PARA VEÍCULOS AUTOMOTORES, EXCETO BATERIAS
2949-2/01	FABRICAÇÃO DE BANCOS E ESTOFADOS PARA VEÍCULOS AUTOMOTORES
2949-2/99	FABRICAÇÃO DE OUTRAS PEÇAS E ACESSÓRIOS PARA VEÍCULOS AUTOMOTORES NÃO ESPECIFICADAS ANTERIORMENTE
2950-6/00	RECONDICIONAMENTO E RECUPERAÇÃO DE MOTORES PARA VEÍCULOS AUTOMOTORES
3011-3/01	CONSTRUÇÃO DE EMBARCAÇÕES DE GRANDE PORTE
3011-3/02	CONSTRUÇÃO DE EMBARCAÇÕES PARA USO COMERCIAL E PARA USOS ESPECIAIS, EXCETO DE GRANDE PORTE
3012-1/00	CONSTRUÇÃO DE EMBARCAÇÕES PARA ESPORTE E LAZER
3031-8/00	FABRICAÇÃO DE LOCOMOTIVAS, VAGÕES E OUTROS MATERIAIS RODANTES
3032-6/00	FABRICAÇÃO DE PEÇAS E ACESSÓRIOS PARA VEÍCULOS FERROVIÁRIOS
3041-5/00	FABRICAÇÃO DE AERONAVES
3042-3/00	FABRICAÇÃO DE TURBINAS, MOTORES E OUTROS COMPONENTES E PEÇAS PARA AERONAVES
3050-4/00	FABRICAÇÃO DE VEÍCULOS MILITARES DE COMBATE
3091-1/01	FABRICAÇÃO DE MOTOCICLETAS
3091-1/02	FABRICAÇÃO DE PEÇAS E ACESSÓRIOS PARA MOTOCICLETAS
3092-0/00	FABRICAÇÃO DE BICICLETAS E TRICICLOS NÃO MOTORIZADOS, PEÇAS E ACESSÓRIOS
3099-7/00	FABRICAÇÃO DE EQUIPAMENTOS DE TRANSPORTE NÃO ESPECIFICADOS ANTERIORMENTE
3101-2/00	FABRICAÇÃO DE MÓVEIS COM PREDOMINÂNCIA DE MADEIRA
3102-1/00	FABRICAÇÃO DE MÓVEIS COM PREDOMINÂNCIA DE METAL
3103-9/00	FABRICAÇÃO DE MÓVEIS DE OUTROS MATERIAIS, EXCETO MADEIRA E METAL
3104-7/00	FABRICAÇÃO DE COLCHÕES
3211-6/01	LAPIDAÇÃO DE GEMAS
3211-6/02	FABRICAÇÃO DE ARTEFATOS DE JOALHERIA E OURIVESARIA
3211-6/03	CUNHAGEM DE MOEDAS E MEDALHAS
3212-4/00	FABRICAÇÃO DE BIJUTERIAS E ARTEFATOS SEMELHANTES
3220-5/00	FABRICAÇÃO DE INSTRUMENTOS MUSICAIS, PEÇAS E ACESSÓRIOS
3230-2/00	FABRICAÇÃO DE ARTEFATOS PARA PESCA E ESPORTE
3240-0/01	FABRICAÇÃO DE JOGOS ELETRÔNICOS
3240-0/02	FABRICAÇÃO DE MESAS DE BILHAR, DE SINUCA E ACESSÓRIOS NÃO ASSOCIADA À LOCAÇÃO
3240-0/03	FABRICAÇÃO DE MESAS DE BILHAR, DE SINUCA E ACESSÓRIOS ASSOCIADA À LOCAÇÃO
3240-0/99	FABRICAÇÃO DE OUTROS BRINQUEDOS E JOGOS RECREATIVOS NÃO ESPECIFICADOS ANTERIORMENTE
3250-7/01	FABRICAÇÃO DE INSTRUMENTOS NÃO ELETRÔNICOS E UTENSÍLIOS PARA USO MÉDICO, CIRÚRGICO, ODONTOLÓGICO E DE LABORATÓRIO
3250-7/02	FABRICAÇÃO DE MOBILIÁRIO PARA USO MÉDICO, CIRÚRGICO, ODONTOLÓGICO E DE LABORATÓRIO
3250-7/03	FABRICAÇÃO DE APARELHOS E UTENSÍLIOS PARA CORREÇÃO DE DEFEITOS FÍSICOS E APARELHOS ORTOPÉDICOS EM GERAL SOB ENCOMENDA
3250-7/04	FABRICAÇÃO DE APARELHOS E UTENSÍLIOS PARA CORREÇÃO DE DEFEITOS FÍSICOS E APARELHOS ORTOPÉDICOS EM GERAL, EXCETO SOB ENCOMENDA
3250-7/05	FABRICAÇÃO DE MATERIAIS PARA MEDICINA E ODONTOLOGIA
3250-7/06	SERVIÇOS DE PRÓTESE DENTÁRIA
3250-7/07	FABRICAÇÃO DE ARTIGOS ÓPTICOS
3250-7/09	SERVIÇO DE LABORATÓRIO ÓPTICO
3291-4/00	FABRICAÇÃO DE ESCOVAS, PINCÉIS E VASSOURAS
3292-2/01	FABRICAÇÃO DE ROUPAS DE PROTEÇÃO E SEGURANÇA E RESISTENTES A FOGO
3292-2/02	FABRICAÇÃO DE EQUIPAMENTOS E ACESSÓRIOS PARA SEGURANÇA PESSOAL E PROFISSIONAL
3299-0/01	FABRICAÇÃO DE GUARDA CHUVAS E SIMILARES
3299-0/02	FABRICAÇÃO DE CANETAS, LÁPIS E OUTROS ARTIGOS PARA ESCRITÓRIO
3299-0/03	FABRICAÇÃO DE LETRAS, LETREIROS E PLACAS DE QUALQUER MATERIAL, EXCETO LUMINOSOS
3299-0/04	FABRICAÇÃO DE PAINÉIS E LETREIROS LUMINOSOS
3299-0/05	FABRICAÇÃO DE AVIAMENTOS PARA COSTURA
3299-0/06	FABRICAÇÃO DE VELAS, INCLUSIVE DECORATIVAS
3299-0/99	FABRICAÇÃO DE PRODUTOS DIVERSOS NÃO ESPECIFICADOS ANTERIORMENTE
3311-2/00	MANUTENÇÃO E REPARAÇÃO DE TANQUES, RESERVATÓRIOS METÁLICOS E CALDEIRAS, EXCETO PARA VEÍCULOS
3312-1/02	MANUTENÇÃO E REPARAÇÃO DE APARELHOS E INSTRUMENTOS DE MEDIDA, TESTE E CONTROLE
3312-1/03	MANUTENÇÃO E REPARAÇÃO DE APARELHOS ELETROMÉDICOS E ELETROTERAPÊUTICOS E EQUIPAMENTOS DE IRRADIAÇÃO
3312-1/04	MANUTENÇÃO E REPARAÇÃO DE EQUIPAMENTOS E INSTRUMENTOS ÓPTICOS
3313-9/01	MANUTENÇÃO E REPARAÇÃO DE GERADORES, TRANSFORMADORES E MOTORES ELÉTRICOS
3313-9/02	MANUTENÇÃO E REPARAÇÃO DE BATERIAS E ACUMULADORES ELÉTRICOS, EXCETO PARA VEÍCULOS
3313-9/99	MANUTENÇÃO E REPARAÇÃO DE MÁQUINAS, APARELHOS E MATERIAIS ELÉTRICOS NÃO ESPECIFICADOS ANTERIORMENTE
3314-7/01	MANUTENÇÃO E REPARAÇÃO DE MÁQUINAS MOTRIZES NÃO ELÉTRICAS
3314-7/02	MANUTENÇÃO E REPARAÇÃO DE EQUIPAMENTOS HIDRÁULICOS E PNEUMÁTICOS, EXCETO VÁLVULAS
3314-7/03	MANUTENÇÃO E REPARAÇÃO DE VÁLVULAS INDUSTRIAIS
3314-7/04	MANUTENÇÃO E REPARAÇÃO DE COMPRESSORES
3314-7/05	MANUTENÇÃO E REPARAÇÃO DE EQUIPAMENTOS DE TRANSMISSÃO PARA FINS INDUSTRIAIS
3314-7/06	MANUTENÇÃO E REPARAÇÃO DE MÁQUINAS, APARELHOS E EQUIPAMENTOS PARA INSTALAÇÕES TÉRMICAS
3314-7/07	MANUTENÇÃO E REPARAÇÃO DE MÁQUINAS E APARELHOS DE REFRIGERAÇÃO E VENTILAÇÃO PARA USO INDUSTRIAL E COMERCIAL
3314-7/08	MANUTENÇÃO E REPARAÇÃO DE MÁQUINAS, EQUIPAMENTOS E APARELHOS PARA TRANSPORTE E ELEVAÇÃO DE CARGAS
3314-7/09	MANUTENÇÃO E REPARAÇÃO DE MÁQUINAS DE ESCREVER, CALCULAR E DE OUTROS EQUIPAMENTOS NÃO ELETRÔNICOS PARA ESCRITÓRIO
3314-7/10	MANUTENÇÃO E REPARAÇÃO DE MÁQUINAS E EQUIPAMENTOS PARA USO GERAL NÃO ESPECIFICADOS ANTERIORMENTE
3314-7/11	MANUTENÇÃO E REPARAÇÃO DE MÁQUINAS E EQUIPAMENTOS PARA AGRICULTURA E PECUÁRIA
3314-7/12	MANUTENÇÃO E REPARAÇÃO DE TRATORES AGRÍCOLAS
3314-7/13	MANUTENÇÃO E REPARAÇÃO DE MÁQUINAS FERRAMENTA
3314-7/14	MANUTENÇÃO E REPARAÇÃO DE MÁQUINAS E EQUIPAMENTOS PARA A PROSPECÇÃO E EXTRAÇÃO DE PETRÓLEO
3314-7/15	MANUTENÇÃO E REPARAÇÃO DE MÁQUINAS E EQUIPAMENTOS PARA USO NA EXTRAÇÃO MINERAL, EXCETO NA EXTRAÇÃO DE PETRÓLEO
3314-7/16	MANUTENÇÃO E REPARAÇÃO DE TRATORES, EXCETO AGRÍCOLAS
3314-7/17	MANUTENÇÃO E REPARAÇÃO DE MÁQUINAS E EQUIPAMENTOS DE TERRAPLENAGEM, PAVIMENTAÇÃO E CONSTRUÇÃO, EXCETO TRATORES
3314-7/18	MANUTENÇÃO E REPARAÇÃO DE MÁQUINAS PARA A INDÚSTRIA METALÚRGICA, EXCETO MÁQUINAS FERRAMENTA
3314-7/19	MANUTENÇÃO E REPARAÇÃO DE MÁQUINAS E EQUIPAMENTOS PARA AS INDÚSTRIAS DE ALIMENTOS, BEBIDAS E FUMO
3314-7/20	MANUTENÇÃO E REPARAÇÃO DE MÁQUINAS E EQUIPAMENTOS PARA A INDÚSTRIA TÊXTIL, DO VESTUÁRIO, DO COURO E CALÇADOS
3314-7/21	MANUTENÇÃO E REPARAÇÃO DE MÁQUINAS E APARELHOS PARA A INDÚSTRIA DE CELULOSE, PAPEL E PAPELÃO E ARTEFATOS
3314-7/22	MANUTENÇÃO E REPARAÇÃO DE MÁQUINAS E APARELHOS PARA A INDÚSTRIA DO PLÁSTICO
3314-7/99	MANUTENÇÃO E REPARAÇÃO DE OUTRAS MÁQUINAS E EQUIPAMENTOS PARA USOS INDUSTRIAIS NÃO ESPECIFICADOS ANTERIORMENTE
3315-5/00	MANUTENÇÃO E REPARAÇÃO DE VEÍCULOS FERROVIÁRIOS
3316-3/01	MANUTENÇÃO E REPARAÇÃO DE AERONAVES, EXCETO A MANUTENÇÃO NA PISTA
3316-3/02	MANUTENÇÃO DE AERONAVES NA PISTA
3317-1/01	MANUTENÇÃO E REPARAÇÃO DE EMBARCAÇÕES E ESTRUTURAS FLUTUANTES
3317-1/02	MANUTENÇÃO E REPARAÇÃO DE EMBARCAÇÕES PARA ESPORTE E LAZER
3319-8/00	MANUTENÇÃO E REPARAÇÃO DE EQUIPAMENTOS E PRODUTOS NÃO ESPECIFICADOS ANTERIORMENTE
3321-0/00	INSTALAÇÃO DE MÁQUINAS E EQUIPAMENTOS INDUSTRIAIS
3329-5/01	SERVIÇOS DE MONTAGEM DE MÓVEIS DE QUALQUER MATERIAL
3329-5/99	INSTALAÇÃO DE OUTROS EQUIPAMENTOS NÃO ESPECIFICADOS ANTERIORMENTE
3511-5/01	GERAÇÃO DE ENERGIA ELÉTRICA
3511-5/02	ATIVIDADES DE COORDENAÇÃO E CONTROLE DA OPERAÇÃO DA GERAÇÃO E TRANSMISSÃO DE ENERGIA ELÉTRICA
3512-3/00	TRANSMISSÃO DE ENERGIA ELÉTRICA
3513-1/00	COMÉRCIO ATACADISTA DE ENERGIA ELÉTRICA
3514-0/00	DISTRIBUIÇÃO DE ENERGIA ELÉTRICA
3520-4/01	PRODUÇÃO DE GÁS; PROCESSAMENTO DE GÁS NATURAL
3520-4/02	DISTRIBUIÇÃO DE COMBUSTÍVEIS GASOSOS POR REDES URBANAS
3530-1/00	PRODUÇÃO E DISTRIBUIÇÃO DE VAPOR, ÁGUA QUENTE E AR CONDICIONADO
3600-6/01	CAPTAÇÃO, TRATAMENTO E DISTRIBUIÇÃO DE ÁGUA
3600-6/02	DISTRIBUIÇÃO DE ÁGUA POR CAMINHÕES
3701-1/00	GESTÃO DE REDES DE ESGOTO
3702-9/00	ATIVIDADES RELACIONADAS A ESGOTO, EXCETO A GESTÃO DE REDES
3811-4/00	COLETA DE RESÍDUOS NÃO PERIGOSOS
3812-2/00	COLETA DE RESÍDUOS PERIGOSOS
3821-1/00	TRATAMENTO E DISPOSIÇÃO DE RESÍDUOS NÃO PERIGOSOS
3822-0/00	TRATAMENTO E DISPOSIÇÃO DE RESÍDUOS PERIGOSOS
3831-9/01	RECUPERAÇÃO DE SUCATAS DE ALUMÍNIO
3831-9/99	RECUPERAÇÃO DE MATERIAIS METÁLICOS, EXCETO ALUMÍNIO
3832-7/00	RECUPERAÇÃO DE MATERIAIS PLÁSTICOS
3839-4/01	USINAS DE COMPOSTAGEM
3839-4/99	RECUPERAÇÃO DE MATERIAIS NÃO ESPECIFICADOS ANTERIORMENTE
3900-5/00	DESCONTAMINAÇÃO E OUTROS SERVIÇOS DE GESTÃO DE RESÍDUOS
4110-7/00	INCORPORAÇÃO DE EMPREENDIMENTOS IMOBILIÁRIOS
4120-4/00	CONSTRUÇÃO DE EDIFÍCIOS
4211-1/01	CONSTRUÇÃO DE RODOVIAS E FERROVIAS
4211-1/02	PINTURA PARA SINALIZAÇÃO EM PISTAS RODOVIÁRIAS E AEROPORTOS
4212-0/00	CONSTRUÇÃO DE OBRAS DE ARTE ESPECIAIS
4213-8/00	OBRAS DE URBANIZAÇÃO - RUAS, PRAÇAS E CALÇADAS
4221-9/01	CONSTRUÇÃO DE BARRAGENS E REPRESAS PARA GERAÇÃO DE ENERGIA ELÉTRICA
4221-9/02	CONSTRUÇÃO DE ESTAÇÕES E REDES DE DISTRIBUIÇÃO DE ENERGIA ELÉTRICA
4221-9/03	MANUTENÇÃO DE REDES DE DISTRIBUIÇÃO DE ENERGIA ELÉTRICA
4221-9/04	CONSTRUÇÃO DE ESTAÇÕES E REDES DE TELECOMUNICAÇÕES
4221-9/05	MANUTENÇÃO DE ESTAÇÕES E REDES DE TELECOMUNICAÇÕES
4222-7/01	CONSTRUÇÃO DE REDES DE ABASTECIMENTO DE ÁGUA, COLETA DE ESGOTO E CONSTRUÇÕES CORRELATAS, EXCETO OBRAS DE IRRIGAÇÃO
4222-7/02	OBRAS DE IRRIGAÇÃO
4223-5/00	CONSTRUÇÃO DE REDES DE TRANSPORTES POR DUTOS, EXCETO PARA ÁGUA E ESGOTO
4291-0/00	OBRAS PORTUÁRIAS, MARÍTIMAS E FLUVIAIS
4292-8/01	MONTAGEM DE ESTRUTURAS METÁLICAS
4292-8/02	OBRAS DE MONTAGEM INDUSTRIAL
4299-5/01	CONSTRUÇÃO DE INSTALAÇÕES ESPORTIVAS E RECREATIVAS
4299-5/99	OUTRAS OBRAS DE ENGENHARIA CIVIL NÃO ESPECIFICADAS ANTERIORMENTE
4311-8/01	DEMOLIÇÃO DE EDIFÍCIOS E OUTRAS ESTRUTURAS
4311-8/02	PREPARAÇÃO DE CANTEIRO E LIMPEZA DE TERRENO
4312-6/00	PERFURAÇÕES E SONDAGENS
4313-4/00	OBRAS DE TERRAPLENAGEM
4319-3/00	SERVIÇOS DE PREPARAÇÃO DO TERRENO NÃO ESPECIFICADOS ANTERIORMENTE
4321-5/00	INSTALAÇÃO E MANUTENÇÃO ELÉTRICA
4322-3/01	INSTALAÇÕES HIDRÁULICAS, SANITÁRIAS E DE GÁS
4322-3/02	INSTALAÇÃO E MANUTENÇÃO DE SISTEMAS CENTRAIS DE AR CONDICIONADO, DE VENTILAÇÃO E REFRIGERAÇÃO
4322-3/03	INSTALAÇÕES DE SISTEMA DE PREVENÇÃO CONTRA INCÊNDIO
4329-1/01	INSTALAÇÃO DE PAINÉIS PUBLICITÁRIOS
4329-1/02	INSTALAÇÃO DE EQUIPAMENTOS PARA ORIENTAÇÃO À NAVEGAÇÃO MARÍTIMA FLUVIAL E LACUSTRE
4329-1/03	INSTALAÇÃO, MANUTENÇÃO E REPARAÇÃO DE ELEVADORES, ESCADAS E ESTEIRAS ROLANTES
4329-1/04	MONTAGEM E INSTALAÇÃO DE SISTEMAS E EQUIPAMENTOS DE ILUMINAÇÃO E SINALIZAÇÃO EM VIAS PÚBLICAS, PORTOS E AEROPORTOS
4329-1/05	TRATAMENTOS TÉRMICOS, ACÚSTICOS OU DE VIBRAÇÃO
4329-1/99	OUTRAS OBRAS DE INSTALAÇÕES EM CONSTRUÇÕES NÃO ESPECIFICADAS ANTERIORMENTE
4330-4/01	IMPERMEABILIZAÇÃO EM OBRAS DE ENGENHARIA CIVIL
4330-4/02	INSTALAÇÃO DE PORTAS, JANELAS, TETOS, DIVISÓRIAS E ARMÁRIOS EMBUTIDOS DE QUALQUER MATERIAL
4330-4/03	OBRAS DE ACABAMENTO EM GESSO E ESTUQUE
4330-4/04	SERVIÇOS DE PINTURA DE EDIFÍCIOS EM GERAL
4330-4/05	APLICAÇÃO DE REVESTIMENTOS E DE RESINAS EM INTERIORES E EXTERIORES
4330-4/99	OUTRAS OBRAS DE ACABAMENTO DA CONSTRUÇÃO
4391-6/00	OBRAS DE FUNDAÇÕES
4399-1/01	ADMINISTRAÇÃO DE OBRAS
4399-1/02	MONTAGEM E DESMONTAGEM DE ANDAIMES E OUTRAS ESTRUTURAS TEMPORÁRIAS
4399-1/03	OBRAS DE ALVENARIA
4399-1/04	SERVIÇOS DE OPERAÇÃO E FORNECIMENTO DE EQUIPAMENTOS PARA TRANSPORTE E ELEVAÇÃO DE CARGAS E PESSOAS PARA USO EM OBRAS
4399-1/05	PERFURAÇÃO E CONSTRUÇÃO DE POÇOS DE ÁGUA
4399-1/99	SERVIÇOS ESPECIALIZADOS PARA CONSTRUÇÃO NÃO ESPECIFICADOS ANTERIORMENTE
4511-1/01	COMÉRCIO A VAREJO DE AUTOMÓVEIS, CAMIONETAS E UTILITÁRIOS NOVOS
4511-1/02	COMÉRCIO A VAREJO DE AUTOMÓVEIS, CAMIONETAS E UTILITÁRIOS USADOS
4511-1/03	COMÉRCIO POR ATACADO DE AUTOMÓVEIS, CAMIONETAS E UTILITÁRIOS NOVOS E USADOS
4511-1/04	COMÉRCIO POR ATACADO DE CAMINHÕES NOVOS E USADOS
4511-1/05	COMÉRCIO POR ATACADO DE REBOQUES E SEMI REBOQUES NOVOS E USADOS
4511-1/06	COMÉRCIO POR ATACADO DE ÔNIBUS E MICROÔNIBUS NOVOS E USADOS
4512-9/01	REPRESENTANTES COMERCIAIS E AGENTES DO COMÉRCIO DE VEÍCULOS AUTOMOTORES
4512-9/02	COMÉRCIO SOB CONSIGNAÇÃO DE VEÍCULOS AUTOMOTORES
4520-0/01	SERVIÇOS DE MANUTENÇÃO E REPARAÇÃO MECÂNICA DE VEÍCULOS AUTOMOTORES
4520-0/02	SERVIÇOS DE LANTERNAGEM OU FUNILARIA E PINTURA DE VEÍCULOS AUTOMOTORES
4520-0/03	SERVIÇOS DE MANUTENÇÃO E REPARAÇÃO ELÉTRICA DE VEÍCULOS AUTOMOTORES
4520-0/04	SERVIÇOS DE ALINHAMENTO E BALANCEAMENTO DE VEÍCULOS AUTOMOTORES
4520-0/05	SERVIÇOS DE LAVAGEM, LUBRIFICAÇÃO E POLIMENTO DE VEÍCULOS AUTOMOTORES
4520-0/06	SERVIÇOS DE BORRACHARIA PARA VEÍCULOS AUTOMOTORES
4520-0/07	SERVIÇOS DE INSTALAÇÃO, MANUTENÇÃO E REPARAÇÃO DE ACESSÓRIOS PARA VEÍCULOS AUTOMOTORES
4520-0/08	SERVIÇOS DE CAPOTARIA
4530-7/01	COMÉRCIO POR ATACADO DE PEÇAS E ACESSÓRIOS NOVOS PARA VEÍCULOS AUTOMOTORES
4530-7/02	COMÉRCIO POR ATACADO DE PNEUMÁTICOS E CÂMARAS DE AR
4530-7/03	COMÉRCIO A VAREJO DE PEÇAS E ACESSÓRIOS NOVOS PARA VEÍCULOS AUTOMOTORES
4530-7/04	COMÉRCIO A VAREJO DE PEÇAS E ACESSÓRIOS USADOS PARA VEÍCULOS AUTOMOTORES
4530-7/05	COMÉRCIO A VAREJO DE PNEUMÁTICOS E CÂMARAS DE AR
4530-7/06	REPRESENTANTES COMERCIAIS E AGENTES DO COMÉRCIO DE PEÇAS E ACESSÓRIOS NOVOS E USADOS PARA VEÍCULOS AUTOMOTORES
4541-2/01	COMÉRCIO POR ATACADO DE MOTOCICLETAS E MOTONETAS
4541-2/02	COMÉRCIO POR ATACADO DE PEÇAS E ACESSÓRIOS PARA MOTOCICLETAS E MOTONETAS
4541-2/03	COMÉRCIO A VAREJO DE MOTOCICLETAS E MOTONETAS NOVAS
4541-2/04	COMÉRCIO A VAREJO DE MOTOCICLETAS E MOTONETAS USADAS
4541-2/06	COMÉRCIO A VAREJO DE PEÇAS E ACESSÓRIOS NOVOS PARA MOTOCICLETAS E MOTONETAS
4541-2/07	COMÉRCIO A VAREJO DE PEÇAS E ACESSÓRIOS USADOS PARA MOTOCICLETAS E MOTONETAS
4542-1/01	REPRESENTANTES COMERCIAIS E AGENTES DO COMÉRCIO DE MOTOCICLETAS E MOTONETAS, PEÇAS E ACESSÓRIOS
4542-1/02	COMÉRCIO SOB CONSIGNAÇÃO DE MOTOCICLETAS E MOTONETAS
4543-9/00	MANUTENÇÃO E REPARAÇÃO DE MOTOCICLETAS E MOTONETAS
4611-7/00	REPRESENTANTES COMERCIAIS E AGENTES DO COMÉRCIO DE MATÉRIAS PRIMAS AGRÍCOLAS E ANIMAIS VIVOS
4612-5/00	REPRESENTANTES COMERCIAIS E AGENTES DO COMÉRCIO DE COMBUSTÍVEIS, MINERAIS, PRODUTOS SIDERÚRGICOS E QUÍMICOS
4613-3/00	REPRESENTANTES COMERCIAIS E AGENTES DO COMÉRCIO DE MADEIRA, MATERIAL DE CONSTRUÇÃO E FERRAGENS
4614-1/00	REPRESENTANTES COMERCIAIS E AGENTES DO COMÉRCIO DE MÁQUINAS, EQUIPAMENTOS, EMBARCAÇÕES E AERONAVES
4615-0/00	REPRESENTANTES COMERCIAIS E AGENTES DO COMÉRCIO DE ELETRODOMÉSTICOS, MÓVEIS E ARTIGOS DE USO DOMÉSTICO
4616-8/00	REPRESENTANTES COMERCIAIS E AGENTES DO COMÉRCIO DE TÊXTEIS, VESTUÁRIO, CALÇADOS E ARTIGOS DE VIAGEM
4617-6/00	REPRESENTANTES COMERCIAIS E AGENTES DO COMÉRCIO DE PRODUTOS ALIMENTÍCIOS, BEBIDAS E FUMO
4618-4/01	REPRESENTANTES COMERCIAIS E AGENTES DO COMÉRCIO DE MEDICAMENTOS, COSMÉTICOS E PRODUTOS DE PERFUMARIA
4618-4/02	REPRESENTANTES COMERCIAIS E AGENTES DO COMÉRCIO DE INSTRUMENTOS E MATERIAIS ODONTO MÉDICO HOSPITALARES
4618-4/03	REPRESENTANTES COMERCIAIS E AGENTES DO COMÉRCIO DE JORNAIS, REVISTAS E OUTRAS PUBLICAÇÕES
4618-4/99	OUTROS REPRESENTANTES COMERCIAIS E AGENTES DO COMÉRCIO ESPECIALIZADO EM PRODUTOS NÃO ESPECIFICADOS ANTERIORMENTE
4619-2/00	REPRESENTANTES COMERCIAIS E AGENTES DO COMÉRCIO DE MERCADORIAS EM GERAL NÃO ESPECIALIZADO
4621-4/00	COMÉRCIO ATACADISTA DE CAFÉ EM GRÃO
4622-2/00	COMÉRCIO ATACADISTA DE SOJA
4623-1/01	COMÉRCIO ATACADISTA DE ANIMAIS VIVOS
4623-1/02	COMÉRCIO ATACADISTA DE COUROS, LÃS, PELES E OUTROS SUBPRODUTOS NÃO COMESTÍVEIS DE ORIGEM ANIMAL
4623-1/03	COMÉRCIO ATACADISTA DE ALGODÃO
4623-1/04	COMÉRCIO ATACADISTA DE FUMO EM FOLHA NÃO BENEFICIADO
4623-1/05	COMÉRCIO ATACADISTA DE CACAU
4623-1/06	COMÉRCIO ATACADISTA DE SEMENTES, FLORES, PLANTAS E GRAMAS
4623-1/07	COMÉRCIO ATACADISTA DE SISAL
4623-1/08	COMÉRCIO ATACADISTA DE MATÉRIAS PRIMAS AGRÍCOLAS COM ATIVIDADE DE FRACIONAMENTO E ACONDICIONAMENTO ASSOCIADA
4623-1/09	COMÉRCIO ATACADISTA DE ALIMENTOS PARA ANIMAIS
4623-1/99	COMÉRCIO ATACADISTA DE MATÉRIAS PRIMAS AGRÍCOLAS NÃO ESPECIFICADAS ANTERIORMENTE
4631-1/00	COMÉRCIO ATACADISTA DE LEITE E LATICÍNIOS
4632-0/01	COMÉRCIO ATACADISTA DE CEREAIS E LEGUMINOSAS BENEFICIADOS
4632-0/02	COMÉRCIO ATACADISTA DE FARINHAS, AMIDOS E FÉCULAS
4632-0/03	COMÉRCIO ATACADISTA DE CEREAIS E LEGUMINOSAS BENEFICIADOS, FARINHAS, AMIDOS E FÉCULAS, COM ATIVIDADE DE FRACIONAMENTO E ACONDICIONAMENTO ASSOCIADA
4633-8/01	COMÉRCIO ATACADISTA DE FRUTAS, VERDURAS, RAÍZES, TUBÉRCULOS, HORTALIÇAS E LEGUMES FRESCOS
4633-8/02	COMÉRCIO ATACADISTA DE AVES VIVAS E OVOS
4633-8/03	COMÉRCIO ATACADISTA DE COELHOS E OUTROS PEQUENOS ANIMAIS VIVOS PARA ALIMENTAÇÃO
4634-6/01	COMÉRCIO ATACADISTA DE CARNES BOVINAS E SUÍNAS E DERIVADOS
4634-6/02	COMÉRCIO ATACADISTA DE AVES ABATIDAS E DERIVADOS
4634-6/03	COMÉRCIO ATACADISTA DE PESCADOS E FRUTOS DO MAR
4634-6/99	COMÉRCIO ATACADISTA DE CARNES E DERIVADOS DE OUTROS ANIMAIS
4635-4/01	COMÉRCIO ATACADISTA DE ÁGUA MINERAL
4635-4/02	COMÉRCIO ATACADISTA DE CERVEJA, CHOPE E REFRIGERANTE
4635-4/03	COMÉRCIO ATACADISTA DE BEBIDAS COM ATIVIDADE DE FRACIONAMENTO E ACONDICIONAMENTO ASSOCIADA
4635-4/99	COMÉRCIO ATACADISTA DE BEBIDAS NÃO ESPECIFICADAS ANTERIORMENTE
4636-2/01	COMÉRCIO ATACADISTA DE FUMO BENEFICIADO
4636-2/02	COMÉRCIO ATACADISTA DE CIGARROS, CIGARRILHAS E CHARUTOS
4637-1/01	COMÉRCIO ATACADISTA DE CAFÉ TORRADO, MOÍDO E SOLÚVEL
4637-1/02	COMÉRCIO ATACADISTA DE AÇÚCAR
4637-1/03	COMÉRCIO ATACADISTA DE ÓLEOS E GORDURAS
4637-1/04	COMÉRCIO ATACADISTA DE PÃES, BOLOS, BISCOITOS E SIMILARES
4637-1/05	COMÉRCIO ATACADISTA DE MASSAS ALIMENTÍCIAS
4637-1/06	COMÉRCIO ATACADISTA DE SORVETES
4637-1/07	COMÉRCIO ATACADISTA DE CHOCOLATES, CONFEITOS, BALAS, BOMBONS E SEMELHANTES
4637-1/99	COMÉRCIO ATACADISTA ESPECIALIZADO EM OUTROS PRODUTOS ALIMENTÍCIOS NÃO ESPECIFICADOS ANTERIORMENTE
4639-7/01	COMÉRCIO ATACADISTA DE PRODUTOS ALIMENTÍCIOS EM GERAL
4639-7/02	COMÉRCIO ATACADISTA DE PRODUTOS ALIMENTÍCIOS EM GERAL, COM ATIVIDADE DE FRACIONAMENTO E ACONDICIONAMENTO ASSOCIADA
4641-9/01	COMÉRCIO ATACADISTA DE TECIDOS
4641-9/02	COMÉRCIO ATACADISTA DE ARTIGOS DE CAMA, MESA E BANHO
4641-9/03	COMÉRCIO ATACADISTA DE ARTIGOS DE ARMARINHO
4642-7/01	COMÉRCIO ATACADISTA DE ARTIGOS DO VESTUÁRIO E ACESSÓRIOS, EXCETO PROFISSIONAIS E DE SEGURANÇA
4642-7/02	COMÉRCIO ATACADISTA DE ROUPAS E ACESSÓRIOS PARA USO PROFISSIONAL E DE SEGURANÇA DO TRABALHO
4643-5/01	COMÉRCIO ATACADISTA DE CALÇADOS
4643-5/02	COMÉRCIO ATACADISTA DE BOLSAS, MALAS E ARTIGOS DE VIAGEM
4644-3/01	COMÉRCIO ATACADISTA DE MEDICAMENTOS E DROGAS DE USO HUMANO
4644-3/02	COMÉRCIO ATACADISTA DE MEDICAMENTOS E DROGAS DE USO VETERINÁRIO
4645-1/01	COMÉRCIO ATACADISTA DE INSTRUMENTOS E MATERIAIS PARA USO MÉDICO, CIRÚRGICO, HOSPITALAR E DE LABORATÓRIOS
4645-1/02	COMÉRCIO ATACADISTA DE PRÓTESES E ARTIGOS DE ORTOPEDIA
4645-1/03	COMÉRCIO ATACADISTA DE PRODUTOS ODONTOLÓGICOS
4646-0/01	COMÉRCIO ATACADISTA DE COSMÉTICOS E PRODUTOS DE PERFUMARIA
4646-0/02	COMÉRCIO ATACADISTA DE PRODUTOS DE HIGIENE PESSOAL
4647-8/01	COMÉRCIO ATACADISTA DE ARTIGOS DE ESCRITÓRIO E DE PAPELARIA
4647-8/02	COMÉRCIO ATACADISTA DE LIVROS, JORNAIS E OUTRAS PUBLICAÇÕES
4649-4/01	COMÉRCIO ATACADISTA DE EQUIPAMENTOS ELÉTRICOS DE USO PESSOAL E DOMÉSTICO
4649-4/02	COMÉRCIO ATACADISTA DE APARELHOS ELETRÔNICOS DE USO PESSOAL E DOMÉSTICO
4649-4/03	COMÉRCIO ATACADISTA DE BICICLETAS, TRICICLOS E OUTROS VEÍCULOS RECREATIVOS
4649-4/04	COMÉRCIO ATACADISTA DE MÓVEIS E ARTIGOS DE COLCHOARIA
4649-4/05	COMÉRCIO ATACADISTA DE ARTIGOS DE TAPEÇARIA; PERSIANAS E CORTINAS
4649-4/06	COMÉRCIO ATACADISTA DE LUSTRES, LUMINÁRIAS E ABAJURES
4649-4/07	COMÉRCIO ATACADISTA DE FILMES, CDS, DVDS, FITAS E DISCOS
4649-4/08	COMÉRCIO ATACADISTA DE PRODUTOS DE HIGIENE, LIMPEZA E CONSERVAÇÃO DOMICILIAR
4649-4/09	COMÉRCIO ATACADISTA DE PRODUTOS DE HIGIENE, LIMPEZA E CONSERVAÇÃO DOMICILIAR, COM ATIVIDADE DE FRACIONAMENTO E ACONDICIONAMENTO ASSOCIADA
4649-4/10	COMÉRCIO ATACADISTA DE JÓIAS, RELÓGIOS E BIJUTERIAS, INCLUSIVE PEDRAS PRECIOSAS E SEMIPRECIOSAS LAPIDADAS
4649-4/99	COMÉRCIO ATACADISTA DE OUTROS EQUIPAMENTOS E ARTIGOS DE USO PESSOAL E DOMÉSTICO NÃO ESPECIFICADOS ANTERIORMENTE
4651-6/01	COMÉRCIO ATACADISTA DE EQUIPAMENTOS DE INFORMÁTICA
4651-6/02	COMÉRCIO ATACADISTA DE SUPRIMENTOS PARA INFORMÁTICA
4652-4/00	COMÉRCIO ATACADISTA DE COMPONENTES ELETRÔNICOS E EQUIPAMENTOS DE TELEFONIA E COMUNICAÇÃO
4661-3/00	COMÉRCIO ATACADISTA DE MÁQUINAS, APARELHOS E EQUIPAMENTOS PARA USO AGROPECUÁRIO; PARTES E PEÇAS
4662-1/00	COMÉRCIO ATACADISTA DE MÁQUINAS, EQUIPAMENTOS PARA TERRAPLENAGEM, MINERAÇÃO E CONSTRUÇÃO; PARTES E PEÇAS
4663-0/00	COMÉRCIO ATACADISTA DE MÁQUINAS E EQUIPAMENTOS PARA USO INDUSTRIAL; PARTES E PEÇAS
4664-8/00	COMÉRCIO ATACADISTA DE MÁQUINAS, APARELHOS E EQUIPAMENTOS PARA USO ODONTO MÉDICO HOSPITALAR; PARTES E PEÇAS
4665-6/00	COMÉRCIO ATACADISTA DE MÁQUINAS E EQUIPAMENTOS PARA USO COMERCIAL; PARTES E PEÇAS
4669-9/01	COMÉRCIO ATACADISTA DE BOMBAS E COMPRESSORES; PARTES E PEÇAS
4669-9/99	COMÉRCIO ATACADISTA DE OUTRAS MÁQUINAS E EQUIPAMENTOS NÃO ESPECIFICADOS ANTERIORMENTE; PARTES E PEÇAS
4671-1/00	COMÉRCIO ATACADISTA DE MADEIRA E PRODUTOS DERIVADOS
4672-9/00	COMÉRCIO ATACADISTA DE FERRAGENS E FERRAMENTAS
4673-7/00	COMÉRCIO ATACADISTA DE MATERIAL ELÉTRICO
4674-5/00	COMÉRCIO ATACADISTA DE CIMENTO
4679-6/01	COMÉRCIO ATACADISTA DE TINTAS, VERNIZES E SIMILARES
4679-6/02	COMÉRCIO ATACADISTA DE MÁRMORES E GRANITOS
4679-6/03	COMÉRCIO ATACADISTA DE VIDROS, ESPELHOS E VITRAIS
4679-6/04	COMÉRCIO ATACADISTA ESPECIALIZADO DE MATERIAIS DE CONSTRUÇÃO NÃO ESPECIFICADOS ANTERIORMENTE
4679-6/99	COMÉRCIO ATACADISTA DE MATERIAIS DE CONSTRUÇÃO EM GERAL
4681-8/01	COMÉRCIO ATACADISTA DE ÁLCOOL CARBURANTE, BIODIESEL, GASOLINA E DEMAIS DERIVADOS DE PETRÓLEO, EXCETO LUBRIFICANTES, NÃO REALIZADO POR TRANSPORTADOR RETALHISTA (T.R.R.)
4681-8/02	COMÉRCIO ATACADISTA DE COMBUSTÍVEIS REALIZADO POR TRANSPORTADOR RETALHISTA (T.R.R.)
4681-8/03	COMÉRCIO ATACADISTA DE COMBUSTÍVEIS DE ORIGEM VEGETAL, EXCETO ÁLCOOL CARBURANTE
4681-8/04	COMÉRCIO ATACADISTA DE COMBUSTÍVEIS DE ORIGEM MINERAL EM BRUTO
4681-8/05	COMÉRCIO ATACADISTA DE LUBRIFICANTES
4682-6/00	COMÉRCIO ATACADISTA DE GÁS LIQÜEFEITO DE PETRÓLEO (GLP)
4683-4/00	COMÉRCIO ATACADISTA DE DEFENSIVOS AGRÍCOLAS, ADUBOS, FERTILIZANTES E CORRETIVOS DO SOLO
4684-2/01	COMÉRCIO ATACADISTA DE RESINAS E ELASTÔMEROS
4684-2/02	COMÉRCIO ATACADISTA DE SOLVENTES
4684-2/99	COMÉRCIO ATACADISTA DE OUTROS PRODUTOS QUÍMICOS E PETROQUÍMICOS NÃO ESPECIFICADOS ANTERIORMENTE
4685-1/00	COMÉRCIO ATACADISTA DE PRODUTOS SIDERÚRGICOS E METALÚRGICOS, EXCETO PARA CONSTRUÇÃO
4686-9/01	COMÉRCIO ATACADISTA DE PAPEL E PAPELÃO EM BRUTO
4686-9/02	COMÉRCIO ATACADISTA DE EMBALAGENS
4687-7/01	COMÉRCIO ATACADISTA DE RESÍDUOS DE PAPEL E PAPELÃO
4687-7/02	COMÉRCIO ATACADISTA DE RESÍDUOS E SUCATAS NÃO METÁLICOS, EXCETO DE PAPEL E PAPELÃO
4687-7/03	COMÉRCIO ATACADISTA DE RESÍDUOS E SUCATAS METÁLICOS
4689-3/01	COMÉRCIO ATACADISTA DE PRODUTOS DA EXTRAÇÃO MINERAL, EXCETO COMBUSTÍVEIS
4689-3/02	COMÉRCIO ATACADISTA DE FIOS E FIBRAS BENEFICIADOS
4689-3/99	COMÉRCIO ATACADISTA ESPECIALIZADO EM OUTROS PRODUTOS INTERMEDIÁRIOS NÃO ESPECIFICADOS ANTERIORMENTE
4691-5/00	COMÉRCIO ATACADISTA DE MERCADORIAS EM GERAL, COM PREDOMINÂNCIA DE PRODUTOS ALIMENTÍCIOS
4692-3/00	COMÉRCIO ATACADISTA DE MERCADORIAS EM GERAL, COM PREDOMINÂNCIA DE INSUMOS AGROPECUÁRIOS
4693-1/00	COMÉRCIO ATACADISTA DE MERCADORIAS EM GERAL, SEM PREDOMINÂNCIA DE ALIMENTOS OU DE INSUMOS AGROPECUÁRIOS
4711-3/01	COMÉRCIO VAREJISTA DE MERCADORIAS EM GERAL, COM PREDOMINÂNCIA DE PRODUTOS ALIMENTÍCIOS   HIPERMERCADOS
4711-3/02	COMÉRCIO VAREJISTA DE MERCADORIAS EM GERAL, COM PREDOMINÂNCIA DE PRODUTOS ALIMENTÍCIOS - SUPERMERCADOS
4712-1/00	COMÉRCIO VAREJISTA DE MERCADORIAS EM GERAL, COM PREDOMINÂNCIA DE PRODUTOS ALIMENTÍCIOS - MINIMERCADOS, MERCEARIAS E ARMAZÉNS
4713-0/02	LOJAS DE VARIEDADES, EXCETO LOJAS DE DEPARTAMENTOS OU MAGAZINES
4713-0/04	LOJAS DE DEPARTAMENTOS OU MAGAZINES, EXCETO LOJAS FRANCAS (DUTY FREE)
4713-0/05	LOJAS FRANCAS (DUTY FREE) DE AEROPORTOS, PORTOS E EM FRONTEIRAS TERRESTRES
4721-1/02	PADARIA E CONFEITARIA COM PREDOMINÂNCIA DE REVENDA
4721-1/03	COMÉRCIO VAREJISTA DE LATICÍNIOS E FRIOS
4721-1/04	COMÉRCIO VAREJISTA DE DOCES, BALAS, BOMBONS E SEMELHANTES
4722-9/01	COMÉRCIO VAREJISTA DE CARNES - AÇOUGUES
4722-9/02	PEIXARIA
4723-7/00	COMÉRCIO VAREJISTA DE BEBIDAS
4724-5/00	COMÉRCIO VAREJISTA DE HORTIFRUTIGRANJEIROS
4729-6/01	TABACARIA
4729-6/02	COMÉRCIO VAREJISTA DE MERCADORIAS EM LOJAS DE CONVENIÊNCIA
4729-6/99	COMÉRCIO VAREJISTA DE PRODUTOS ALIMENTÍCIOS EM GERAL OU ESPECIALIZADO EM PRODUTOS ALIMENTÍCIOS NÃO ESPECIFICADOS ANTERIORMENTE
4731-8/00	COMÉRCIO VAREJISTA DE COMBUSTÍVEIS PARA VEÍCULOS AUTOMOTORES
4732-6/00	COMÉRCIO VAREJISTA DE LUBRIFICANTES
4741-5/00	COMÉRCIO VAREJISTA DE TINTAS E MATERIAIS PARA PINTURA
4742-3/00	COMÉRCIO VAREJISTA DE MATERIAL ELÉTRICO
4743-1/00	COMÉRCIO VAREJISTA DE VIDROS
4744-0/01	COMÉRCIO VAREJISTA DE FERRAGENS E FERRAMENTAS
4744-0/02	COMÉRCIO VAREJISTA DE MADEIRA E ARTEFATOS
4744-0/03	COMÉRCIO VAREJISTA DE MATERIAIS HIDRÁULICOS
4744-0/04	COMÉRCIO VAREJISTA DE CAL, AREIA, PEDRA BRITADA, TIJOLOS E TELHAS
4744-0/05	COMÉRCIO VAREJISTA DE MATERIAIS DE CONSTRUÇÃO NÃO ESPECIFICADOS ANTERIORMENTE
4744-0/06	COMÉRCIO VAREJISTA DE PEDRAS PARA REVESTIMENTO
4744-0/99	COMÉRCIO VAREJISTA DE MATERIAIS DE CONSTRUÇÃO EM GERAL
4751-2/01	COMÉRCIO VAREJISTA ESPECIALIZADO DE EQUIPAMENTOS E SUPRIMENTOS DE INFORMÁTICA
4751-2/02	RECARGA DE CARTUCHOS PARA EQUIPAMENTOS DE INFORMÁTICA
4752-1/00	COMÉRCIO VAREJISTA ESPECIALIZADO DE EQUIPAMENTOS DE TELEFONIA E COMUNICAÇÃO
4753-9/00	COMÉRCIO VAREJISTA ESPECIALIZADO DE ELETRODOMÉSTICOS E EQUIPAMENTOS DE ÁUDIO E VÍDEO
4754-7/01	COMÉRCIO VAREJISTA DE MÓVEIS
4754-7/02	COMÉRCIO VAREJISTA DE ARTIGOS DE COLCHOARIA
4754-7/03	COMÉRCIO VAREJISTA DE ARTIGOS DE ILUMINAÇÃO
4755-5/01	COMÉRCIO VAREJISTA DE TECIDOS
4755-5/02	COMERCIO VAREJISTA DE ARTIGOS DE ARMARINHO
4755-5/03	COMERCIO VAREJISTA DE ARTIGOS DE CAMA, MESA E BANHO
4756-3/00	COMÉRCIO VAREJISTA ESPECIALIZADO DE INSTRUMENTOS MUSICAIS E ACESSÓRIOS
4757-1/00	COMÉRCIO VAREJISTA ESPECIALIZADO DE PEÇAS E ACESSÓRIOS PARA APARELHOS ELETROELETRÔNICOS PARA USO DOMÉSTICO, EXCETO INFORMÁTICA E COMUNICAÇÃO
4759-8/01	COMÉRCIO VAREJISTA DE ARTIGOS DE TAPEÇARIA, CORTINAS E PERSIANAS
4759-8/99	COMÉRCIO VAREJISTA DE OUTROS ARTIGOS DE USO PESSOAL E DOMÉSTICO NÃO ESPECIFICADOS ANTERIORMENTE
4761-0/01	COMÉRCIO VAREJISTA DE LIVROS
4761-0/02	COMÉRCIO VAREJISTA DE JORNAIS E REVISTAS
4761-0/03	COMÉRCIO VAREJISTA DE ARTIGOS DE PAPELARIA
4762-8/00	COMÉRCIO VAREJISTA DE DISCOS, CDS, DVDS E FITAS
4763-6/01	COMÉRCIO VAREJISTA DE BRINQUEDOS E ARTIGOS RECREATIVOS
4763-6/02	COMÉRCIO VAREJISTA DE ARTIGOS ESPORTIVOS
4763-6/03	COMÉRCIO VAREJISTA DE BICICLETAS E TRICICLOS; PEÇAS E ACESSÓRIOS
4763-6/04	COMÉRCIO VAREJISTA DE ARTIGOS DE CAÇA, PESCA E CAMPING
4763-6/05	COMÉRCIO VAREJISTA DE EMBARCAÇÕES E OUTROS VEÍCULOS RECREATIVOS; PEÇAS E ACESSÓRIOS
4771-7/01	COMÉRCIO VAREJISTA DE PRODUTOS FARMACÊUTICOS, SEM MANIPULAÇÃO DE FÓRMULAS
4771-7/02	COMÉRCIO VAREJISTA DE PRODUTOS FARMACÊUTICOS, COM MANIPULAÇÃO DE FÓRMULAS
4771-7/03	COMÉRCIO VAREJISTA DE PRODUTOS FARMACÊUTICOS HOMEOPÁTICOS
4771-7/04	COMÉRCIO VAREJISTA DE MEDICAMENTOS VETERINÁRIOS
4772-5/00	COMÉRCIO VAREJISTA DE COSMÉTICOS, PRODUTOS DE PERFUMARIA E DE HIGIENE PESSOAL
4773-3/00	COMÉRCIO VAREJISTA DE ARTIGOS MÉDICOS E ORTOPÉDICOS
4774-1/00	COMÉRCIO VAREJISTA DE ARTIGOS DE ÓPTICA
4781-4/00	COMÉRCIO VAREJISTA DE ARTIGOS DO VESTUÁRIO E ACESSÓRIOS
4782-2/01	COMÉRCIO VAREJISTA DE CALÇADOS
4782-2/02	COMÉRCIO VAREJISTA DE ARTIGOS DE VIAGEM
4783-1/01	COMÉRCIO VAREJISTA DE ARTIGOS DE JOALHERIA
4783-1/02	COMÉRCIO VAREJISTA DE ARTIGOS DE RELOJOARIA
4784-9/00	COMÉRCIO VAREJISTA DE GÁS LIQÜEFEITO DE PETRÓLEO (GLP)
4785-7/01	COMÉRCIO VAREJISTA DE ANTIGÜIDADES
4785-7/99	COMÉRCIO VAREJISTA DE OUTROS ARTIGOS USADOS
4789-0/01	COMÉRCIO VAREJISTA DE SUVENIRES, BIJUTERIAS E ARTESANATOS
4789-0/02	COMÉRCIO VAREJISTA DE PLANTAS E FLORES NATURAIS
4789-0/03	COMÉRCIO VAREJISTA DE OBJETOS DE ARTE
4789-0/04	COMÉRCIO VAREJISTA DE ANIMAIS VIVOS E DE ARTIGOS E ALIMENTOS PARA ANIMAIS DE ESTIMAÇÃO
4789-0/05	COMÉRCIO VAREJISTA DE PRODUTOS SANEANTES DOMISSANITÁRIOS
4789-0/06	COMÉRCIO VAREJISTA DE FOGOS DE ARTIFÍCIO E ARTIGOS PIROTÉCNICOS
4789-0/07	COMÉRCIO VAREJISTA DE EQUIPAMENTOS PARA ESCRITÓRIO
4789-0/08	COMÉRCIO VAREJISTA DE ARTIGOS FOTOGRÁFICOS E PARA FILMAGEM
4789-0/09	COMÉRCIO VAREJISTA DE ARMAS E MUNIÇÕES
4789-0/99	COMÉRCIO VAREJISTA DE OUTROS PRODUTOS NÃO ESPECIFICADOS ANTERIORMENTE
4911-6/00	TRANSPORTE FERROVIÁRIO DE CARGA
4912-4/01	TRANSPORTE FERROVIÁRIO DE PASSAGEIROS INTERMUNICIPAL E INTERESTADUAL
4912-4/02	TRANSPORTE FERROVIÁRIO DE PASSAGEIROS MUNICIPAL E EM REGIÃO METROPOLITANA
4912-4/03	TRANSPORTE METROVIÁRIO
4921-3/01	TRANSPORTE RODOVIÁRIO COLETIVO DE PASSAGEIROS, COM ITINERÁRIO FIXO, MUNICIPAL
4921-3/02	TRANSPORTE RODOVIÁRIO COLETIVO DE PASSAGEIROS, COM ITINERÁRIO FIXO, INTERMUNICIPAL EM REGIÃO METROPOLITANA
4922-1/01	TRANSPORTE RODOVIÁRIO COLETIVO DE PASSAGEIROS, COM ITINERÁRIO FIXO, INTERMUNICIPAL, EXCETO EM REGIÃO METROPOLITANA
4922-1/02	TRANSPORTE RODOVIÁRIO COLETIVO DE PASSAGEIROS, COM ITINERÁRIO FIXO, INTERESTADUAL
4922-1/03	TRANSPORTE RODOVIÁRIO COLETIVO DE PASSAGEIROS, COM ITINERÁRIO FIXO, INTERNACIONAL
4923-0/01	SERVIÇO DE TÁXI
4923-0/02	SERVIÇO DE TRANSPORTE DE PASSAGEIROS - LOCAÇÃO DE AUTOMÓVEIS COM MOTORISTA
4924-8/00	TRANSPORTE ESCOLAR
4929-9/01	TRANSPORTE RODOVIÁRIO COLETIVO DE PASSAGEIROS, SOB REGIME DE FRETAMENTO, MUNICIPAL
4929-9/02	TRANSPORTE RODOVIÁRIO COLETIVO DE PASSAGEIROS, SOB REGIME DE FRETAMENTO, INTERMUNICIPAL, INTERESTADUAL E INTERNACIONAL
4929-9/03	ORGANIZAÇÃO DE EXCURSÕES EM VEÍCULOS RODOVIÁRIOS PRÓPRIOS, MUNICIPAL
4929-9/04	ORGANIZAÇÃO DE EXCURSÕES EM VEÍCULOS RODOVIÁRIOS PRÓPRIOS, INTERMUNICIPAL, INTERESTADUAL E INTERNACIONAL
4929-9/99	OUTROS TRANSPORTES RODOVIÁRIOS DE PASSAGEIROS NÃO ESPECIFICADOS ANTERIORMENTE
4930-2/01	TRANSPORTE RODOVIÁRIO DE CARGA, EXCETO PRODUTOS PERIGOSOS E MUDANÇAS, MUNICIPAL
4930-2/02	TRANSPORTE RODOVIÁRIO DE CARGA, EXCETO PRODUTOS PERIGOSOS E MUDANÇAS, INTERMUNICIPAL, INTERESTADUAL E INTERNACIONAL
4930-2/03	TRANSPORTE RODOVIÁRIO DE PRODUTOS PERIGOSOS
4930-2/04	TRANSPORTE RODOVIÁRIO DE MUDANÇAS
4940-0/00	TRANSPORTE DUTOVIÁRIO
4950-7/00	TRENS TURÍSTICOS, TELEFÉRICOS E SIMILARES
5011-4/01	TRANSPORTE MARÍTIMO DE CABOTAGEM - CARGA
5011-4/02	TRANSPORTE MARÍTIMO DE CABOTAGEM - PASSAGEIROS
5012-2/01	TRANSPORTE MARÍTIMO DE LONGO CURSO - CARGA
5012-2/02	TRANSPORTE MARÍTIMO DE LONGO CURSO - PASSAGEIROS
5021-1/01	TRANSPORTE POR NAVEGAÇÃO INTERIOR DE CARGA, MUNICIPAL, EXCETO TRAVESSIA
5021-1/02	TRANSPORTE POR NAVEGAÇÃO INTERIOR DE CARGA, INTERMUNICIPAL, INTERESTADUAL E INTERNACIONAL, EXCETO TRAVESSIA
5022-0/01	TRANSPORTE POR NAVEGAÇÃO INTERIOR DE PASSAGEIROS EM LINHAS REGULARES, MUNICIPAL, EXCETO TRAVESSIA
5022-0/02	TRANSPORTE POR NAVEGAÇÃO INTERIOR DE PASSAGEIROS EM LINHAS REGULARES, INTERMUNICIPAL, INTERESTADUAL E INTERNACIONAL, EXCETO TRAVESSIA
5030-1/01	NAVEGAÇÃO DE APOIO MARÍTIMO
5030-1/02	NAVEGAÇÃO DE APOIO PORTUÁRIO
5030-1/03	SERVIÇO DE REBOCADORES E EMPURRADORES
5091-2/01	TRANSPORTE POR NAVEGAÇÃO DE TRAVESSIA, MUNICIPAL
5091-2/02	TRANSPORTE POR NAVEGAÇÃO DE TRAVESSIA INTERMUNICIPAL, INTERESTADUAL E INTERNACIONAL
5099-8/01	TRANSPORTE AQUAVIÁRIO PARA PASSEIOS TURÍSTICOS
5099-8/99	OUTROS TRANSPORTES AQUAVIÁRIOS NÃO ESPECIFICADOS ANTERIORMENTE
5111-1/00	TRANSPORTE AÉREO DE PASSAGEIROS REGULAR
5112-9/01	SERVIÇO DE TÁXI AÉREO E LOCAÇÃO DE AERONAVES COM TRIPULAÇÃO
5112-9/99	OUTROS SERVIÇOS DE TRANSPORTE AÉREO DE PASSAGEIROS NÃO REGULAR
5120-0/00	TRANSPORTE AÉREO DE CARGA
5130-7/00	TRANSPORTE ESPACIAL
5211-7/01	ARMAZÉNS GERAIS - EMISSÃO DE WARRANT
5211-7/02	GUARDA MÓVEIS
5211-7/99	DEPÓSITOS DE MERCADORIAS PARA TERCEIROS, EXCETO ARMAZÉNS GERAIS E GUARDA MÓVEIS
5212-5/00	CARGA E DESCARGA
5221-4/00	CONCESSIONÁRIAS DE RODOVIAS, PONTES, TÚNEIS E SERVIÇOS RELACIONADOS
5222-2/00	TERMINAIS RODOVIÁRIOS E FERROVIÁRIOS
5223-1/00	ESTACIONAMENTO DE VEÍCULOS
5229-0/01	SERVIÇOS DE APOIO AO TRANSPORTE POR TÁXI, INCLUSIVE CENTRAIS DE CHAMADA
5229-0/02	SERVIÇOS DE REBOQUE DE VEÍCULOS
5229-0/99	OUTRAS ATIVIDADES AUXILIARES DOS TRANSPORTES TERRESTRES NÃO ESPECIFICADAS ANTERIORMENTE
5231-1/01	ADMINISTRAÇÃO DA INFRAESTRUTURA PORTUÁRIA
5231-1/02	ATIVIDADES DO OPERADOR PORTUÁRIO
5231-1/03	GESTÃO DE TERMINAIS AQUAVIÁRIOS
5232-0/00	ATIVIDADES DE AGENCIAMENTO MARÍTIMO
5239-7/01	SERVIÇOS DE PRATICAGEM
5239-7/99	ATIVIDADES AUXILIARES DOS TRANSPORTES AQUAVIÁRIOS NÃO ESPECIFICADAS ANTERIORMENTE
5240-1/01	OPERAÇÃO DOS AEROPORTOS E CAMPOS DE ATERRISSAGEM
5240-1/99	ATIVIDADES AUXILIARES DOS TRANSPORTES AÉREOS, EXCETO OPERAÇÃO DOS AEROPORTOS E CAMPOS DE ATERRISSAGEM
5250-8/01	COMISSARIA DE DESPACHOS
5250-8/02	ATIVIDADES DE DESPACHANTES ADUANEIROS
5250-8/03	AGENCIAMENTO DE CARGAS, EXCETO PARA O TRANSPORTE MARÍTIMO
5250-8/04	ORGANIZAÇÃO LOGÍSTICA DO TRANSPORTE DE CARGA
5250-8/05	OPERADOR DE TRANSPORTE MULTIMODAL - OTM
5310-5/01	ATIVIDADES DO CORREIO NACIONAL
5310-5/02	ATIVIDADES DE FRANQUEADAS DO CORREIO NACIONAL
5320-2/01	SERVIÇOS DE MALOTE NÃO REALIZADOS PELO CORREIO NACIONAL
5320-2/02	SERVIÇOS DE ENTREGA RÁPIDA
5510-8/01	HOTÉIS
5510-8/02	APART HOTÉIS
5510-8/03	MOTÉIS
5590-6/01	ALBERGUES, EXCETO ASSISTENCIAIS
5590-6/02	CAMPINGS
5590-6/03	PENSÕES(ALOJAMENTO)
5590-6/99	OUTROS ALOJAMENTOS NÃO ESPECIFICADOS ANTERIORMENTE
5611-2/01	RESTAURANTES E SIMILARES
5611-2/03	LANCHONETES, CASAS DE CHÁ, DE SUCOS E SIMILARES
5611-2/04	BARES E OUTROS ESTABELECIMENTOS ESPECIALIZADOS EM SERVIR BEBIDAS, SEM ENTRETENIMENTO
5611-2/05	BARES E OUTROS ESTABELECIMENTOS ESPECIALIZADOS EM SERVIR BEBIDAS, COM ENTRETENIMENTO 
5612-1/00	SERVIÇOS AMBULANTES DE ALIMENTAÇÃO
5620-1/01	FORNECIMENTO DE ALIMENTOS PREPARADOS PREPONDERANTEMENTE PARA EMPRESAS
5620-1/02	SERVIÇOS DE ALIMENTAÇÃO PARA EVENTOS E RECEPÇÕES - BUFÊ
5620-1/03	CANTINAS - SERVIÇOS DE ALIMENTAÇÃO PRIVATIVOS
5620-1/04	FORNECIMENTO DE ALIMENTOS PREPARADOS PREPONDERANTEMENTE PARA CONSUMO DOMICILIAR
5811-5/00	EDIÇÃO DE LIVROS
5812-3/01	EDIÇÃO DE JORNAIS DIÁRIOS
5812-3/02	EDIÇÃO DE JORNAIS NÃO DIÁRIOS
5813-1/00	EDIÇÃO DE REVISTAS
5819-1/00	EDIÇÃO DE CADASTROS, LISTAS E DE OUTROS PRODUTOS GRÁFICOS
5821-2/00	EDIÇÃO INTEGRADA À IMPRESSÃO DE LIVROS
5822-1/01	EDIÇÃO INTEGRADA À IMPRESSÃO DE JORNAIS DIÁRIOS
5822-1/02	EDIÇÃO INTEGRADA À IMPRESSÃO DE JORNAIS NÃO DIÁRIOS
5823-9/00	EDIÇÃO INTEGRADA À IMPRESSÃO DE REVISTAS
5829-8/00	EDIÇÃO INTEGRADA À IMPRESSÃO DE CADASTROS, LISTAS E DE OUTROS PRODUTOS GRÁFICOS
5911-1/01	ESTÚDIOS CINEMATOGRÁFICOS
5911-1/02	PRODUÇÃO DE FILMES PARA PUBLICIDADE
5911-1/99	ATIVIDADES DE PRODUÇÃO CINEMATOGRÁFICA, DE VÍDEOS E DE PROGRAMAS DE TELEVISÃO NÃO ESPECIFICADAS ANTERIORMENTE
5912-0/01	SERVIÇOS DE DUBLAGEM
5912-0/02	SERVIÇOS DE MIXAGEM SONORA EM PRODUÇÃO AUDIOVISUAL
5912-0/99	ATIVIDADES DE PÓS PRODUÇÃO CINEMATOGRÁFICA, DE VÍDEOS E DE PROGRAMAS DE TELEVISÃO NÃO ESPECIFICADAS ANTERIORMENTE
5913-8/00	DISTRIBUIÇÃO CINEMATOGRÁFICA, DE VÍDEO E DE PROGRAMAS DE TELEVISÃO
5914-6/00	ATIVIDADES DE EXIBIÇÃO CINEMATOGRÁFICA
5920-1/00	ATIVIDADES DE GRAVAÇÃO DE SOM E DE EDIÇÃO DE MÚSICA
6010-1/00	ATIVIDADES DE RÁDIO
6021-7/00	ATIVIDADES DE TELEVISÃO ABERTA
6022-5/01	PROGRAMADORAS
6022-5/02	ATIVIDADES RELACIONADAS À TELEVISÃO POR ASSINATURA, EXCETO PROGRAMADORAS
6110-8/01	SERVIÇOS DE TELEFONIA FIXA COMUTADA - STFC
6110-8/02	SERVIÇOS DE REDES DE TRANSPORTES DE TELECOMUNICAÇÕES - SRTT
6110-8/03	SERVIÇOS DE COMUNICAÇÃO MULTIMÍDIA - SCM
6110-8/99	SERVIÇOS DE TELECOMUNICAÇÕES POR FIO NÃO ESPECIFICADOS ANTERIORMENTE
6120-5/01	TELEFONIA MÓVEL CELULAR
6120-5/02	SERVIÇO MÓVEL ESPECIALIZADO - SME
6120-5/99	SERVIÇOS DE TELECOMUNICAÇÕES SEM FIO NÃO ESPECIFICADOS ANTERIORMENTE
6130-2/00	TELECOMUNICAÇÕES POR SATÉLITE
6141-8/00	OPERADORAS DE TELEVISÃO POR ASSINATURA POR CABO
6142-6/00	OPERADORAS DE TELEVISÃO POR ASSINATURA POR MICROONDAS
6143-4/00	OPERADORAS DE TELEVISÃO POR ASSINATURA POR SATÉLITE
6190-6/01	PROVEDORES DE ACESSO ÀS REDES DE COMUNICAÇÕES
6190-6/02	PROVEDORES DE VOZ SOBRE PROTOCOLO INTERNET - VOIP
6190-6/99	OUTRAS ATIVIDADES DE TELECOMUNICAÇÕES NÃO ESPECIFICADAS ANTERIORMENTE
6201-5/01	DESENVOLVIMENTO DE PROGRAMAS DE COMPUTADOR SOB ENCOMENDA
6201-5/02	WEB DESIGN
6202-3/00	DESENVOLVIMENTO E LICENCIAMENTO DE PROGRAMAS DE COMPUTADOR CUSTOMIZÁVEIS
6203-1/00	DESENVOLVIMENTO E LICENCIAMENTO DE PROGRAMAS DE COMPUTADOR NÃO CUSTOMIZÁVEIS
6204-0/00	CONSULTORIA EM TECNOLOGIA DA INFORMAÇÃO
6209-1/00	SUPORTE TÉCNICO, MANUTENÇÃO E OUTROS SERVIÇOS EM TECNOLOGIA DA INFORMAÇÃO
6311-9/00	TRATAMENTO DE DADOS, PROVEDORES DE SERVIÇOS DE APLICAÇÃO E SERVIÇOS DE HOSPEDAGEM NA INTERNET
6319-4/00	PORTAIS, PROVEDORES DE CONTEÚDO E OUTROS SERVIÇOS DE INFORMAÇÃO NA INTERNET
6391-7/00	AGÊNCIAS DE NOTÍCIAS
6399-2/00	OUTRAS ATIVIDADES DE PRESTAÇÃO DE SERVIÇOS DE INFORMAÇÃO NÃO ESPECIFICADAS ANTERIORMENTE
6410-7/00	BANCO CENTRAL
6421-2/00	BANCOS COMERCIAIS
6422-1/00	BANCOS MÚLTIPLOS, COM CARTEIRA COMERCIAL
6423-9/00	CAIXAS ECONÔMICAS
6424-7/01	BANCOS COOPERATIVOS
6424-7/02	COOPERATIVAS CENTRAIS DE CRÉDITO
6424-7/03	COOPERATIVAS DE CRÉDITO MÚTUO
6424-7/04	COOPERATIVAS DE CRÉDITO RURAL
6431-0/00	BANCOS MÚLTIPLOS, SEM CARTEIRA COMERCIAL
6432-8/00	BANCOS DE INVESTIMENTO
6433-6/00	BANCOS DE DESENVOLVIMENTO
6434-4/00	AGÊNCIAS DE FOMENTO
6435-2/01	SOCIEDADES DE CRÉDITO IMOBILIÁRIO
6435-2/02	ASSOCIAÇÕES DE POUPANÇA E EMPRÉSTIMO
6435-2/03	COMPANHIAS HIPOTECÁRIAS
6436-1/00	SOCIEDADES DE CRÉDITO, FINANCIAMENTO E INVESTIMENTO - FINANCEIRAS
6437-9/00	SOCIEDADES DE CRÉDITO AO MICROEMPREENDEDOR
6438-7/01	BANCOS DE CÂMBIO
6438-7/99	OUTRAS INSTITUIÇÕES DE INTERMEDIAÇÃO NÃO MONETÁRIA
6440-9/00	ARRENDAMENTO MERCANTIL
6450-6/00	SOCIEDADES DE CAPITALIZAÇÃO
6461-1/00	HOLDINGS DE INSTITUIÇÕES FINANCEIRAS
6462-0/00	HOLDINGS DE INSTITUIÇÕES NÃO FINANCEIRAS
6463-8/00	OUTRAS SOCIEDADES DE PARTICIPAÇÃO, EXCETO HOLDINGS
6470-1/01	FUNDOS DE INVESTIMENTO, EXCETO PREVIDENCIÁRIOS E IMOBILIÁRIOS
6470-1/02	FUNDOS DE INVESTIMENTO PREVIDENCIÁRIOS
6470-1/03	FUNDOS DE INVESTIMENTO IMOBILIÁRIOS
6491-3/00	SOCIEDADES DE FOMENTO MERCANTIL - FACTORING
6492-1/00	SECURITIZAÇÃO DE CRÉDITOS
6493-0/00	ADMINISTRAÇÃO DE CONSÓRCIOS PARA AQUISIÇÃO DE BENS E DIREITOS
6499-9/01	CLUBES DE INVESTIMENTO
6499-9/02	SOCIEDADES DE INVESTIMENTO
6499-9/03	FUNDO GARANTIDOR DE CRÉDITO
6499-9/04	CAIXAS DE FINANCIAMENTO DE CORPORAÇÕES
6499-9/05	CONCESSÃO DE CRÉDITO PELAS OSCIP
6499-9/99	OUTRAS ATIVIDADES DE SERVIÇOS FINANCEIROS NÃO ESPECIFICADAS ANTERIORMENTE
6511-1/01	SOCIEDADE SEGURADORA DE SEGUROS VIDA
6511-1/02	PLANOS DE AUXÍLIO FUNERAL
6512-0/00	SOCIEDADE SEGURADORA DE SEGUROS NÃO VIDA
6520-1/00	SOCIEDADE SEGURADORA DE SEGUROS SAÚDE
6530-8/00	RESSEGUROS
6541-3/00	PREVIDÊNCIA COMPLEMENTAR FECHADA
6542-1/00	PREVIDÊNCIA COMPLEMENTAR ABERTA
6550-2/00	PLANOS DE SAÚDE
6611-8/01	BOLSA DE VALORES
6611-8/02	BOLSA DE MERCADORIAS
6611-8/03	BOLSA DE MERCADORIAS E FUTUROS
6611-8/04	ADMINISTRAÇÃO DE MERCADOS DE BALCÃO ORGANIZADOS
6612-6/01	CORRETORAS DE TÍTULOS E VALORES MOBILIÁRIOS
6612-6/02	DISTRIBUIDORAS DE TÍTULOS E VALORES MOBILIÁRIOS
6612-6/03	CORRETORAS DE CÂMBIO
6612-6/04	CORRETORAS DE CONTRATOS DE MERCADORIAS
6612-6/05	AGENTES DE INVESTIMENTOS EM APLICAÇÕES FINANCEIRAS
6613-4/00	ADMINISTRAÇÃO DE CARTÕES DE CRÉDITO
6619-3/01	SERVIÇOS DE LIQUIDAÇÃO E CUSTÓDIA
6619-3/02	CORRESPONDENTES DE INSTITUIÇÕES FINANCEIRAS
6619-3/03	REPRESENTAÇÕES DE BANCOS ESTRANGEIROS
6619-3/04	CAIXAS ELETRÔNICOS
6619-3/05	OPERADORAS DE CARTÕES DE DÉBITO
6619-3/99	OUTRAS ATIVIDADES AUXILIARES DOS SERVIÇOS FINANCEIROS NÃO ESPECIFICADAS ANTERIORMENTE
6621-5/01	PERITOS E AVALIADORES DE SEGUROS
6621-5/02	AUDITORIA E CONSULTORIA ATUARIAL
6622-3/00	CORRETORES E AGENTES DE SEGUROS, DE PLANOS DE PREVIDÊNCIA COMPLEMENTAR E DE SAÚDE
6629-1/00	ATIVIDADES AUXILIARES DOS SEGUROS, DA PREVIDÊNCIA COMPLEMENTAR E DOS PLANOS DE SAÚDE NÃO ESPECIFICADAS ANTERIORMENTE
6630-4/00	ATIVIDADES DE ADMINISTRAÇÃO DE FUNDOS POR CONTRATO OU COMISSÃO
6810-2/01	COMPRA E VENDA DE IMÓVEIS PRÓPRIOS
6810-2/02	ALUGUEL DE IMÓVEIS PRÓPRIOS
6810-2/03	LOTEAMENTO DE IMÓVEIS PRÓPRIOS
6821-8/01	CORRETAGEM NA COMPRA E VENDA E AVALIAÇÃO DE IMÓVEIS
6821-8/02	CORRETAGEM NO ALUGUEL DE IMÓVEIS
6822-6/00	GESTÃO E ADMINISTRAÇÃO DA PROPRIEDADE IMOBILIARIA
6911-7/01	SERVIÇOS ADVOCATÍCIOS
6911-7/02	ATIVIDADES AUXILIARES DA JUSTIÇA
6911-7/03	AGENTE DE PROPRIEDADE INDUSTRIAL
6912-5/00	CARTÓRIOS
6920-6/01	ATIVIDADES DE CONTABILIDADE
6920-6/02	ATIVIDADES DE CONSULTORIA E AUDITORIA CONTÁBIL E TRIBUTÁRIA
7020-4/00	ATIVIDADES DE CONSULTORIA EM GESTÃO EMPRESARIAL, EXCETO CONSULTORIA TÉCNICA ESPECÍFICA
7111-1/00	SERVIÇOS DE ARQUITETURA
7112-0/00	SERVIÇOS DE ENGENHARIA
7119-7/01	SERVIÇOS DE CARTOGRAFIA, TOPOGRAFIA E GEODÉSIA
7119-7/02	ATIVIDADES DE ESTUDOS GEOLÓGICOS
7119-7/03	SERVIÇOS DE DESENHO TÉCNICO RELACIONADOS À ARQUITETURA E ENGENHARIA
7119-7/04	SERVIÇOS DE PERÍCIA TÉCNICA RELACIONADOS À SEGURANÇA DO TRABALHO
7119-7/99	ATIVIDADES TÉCNICAS RELACIONADAS À ENGENHARIA E ARQUITETURA NÃO ESPECIFICADAS ANTERIORMENTE
7120-1/00	TESTES E ANÁLISES TÉCNICAS
7210-0/00	PESQUISA E DESENVOLVIMENTO EXPERIMENTAL EM CIÊNCIAS FÍSICAS E NATURAIS
7220-7/00	PESQUISA E DESENVOLVIMENTO EXPERIMENTAL EM CIÊNCIAS SOCIAIS E HUMANAS
7311-4/00	AGÊNCIAS DE PUBLICIDADE
7312-2/00	AGENCIAMENTO DE ESPAÇOS PARA PUBLICIDADE, EXCETO EM VEÍCULOS DE COMUNICAÇÃO
7319-0/01	CRIAÇÃO ESTANDES PARA FEIRAS E EXPOSIÇÕES
7319-0/02	PROMOÇÃO DE VENDAS
7319-0/03	MARKETING DIRETO
7319-0/04	CONSULTORIA EM PUBLICIDADE
7319-0/99	OUTRAS ATIVIDADES DE PUBLICIDADE NÃO ESPECIFICADAS ANTERIORMENTE
7320-3/00	PESQUISAS DE MERCADO E DE OPINIÃO PÚBLICA
7410-2/02	DESIGN DE INTERIORES
7410-2/03	DESIGN DE PRODUTO
7410-2/99	ATIVIDADES DE DESIGN NÃO ESPECIFICADAS ANTERIORMENTE
7420-0/01	ATIVIDADES DE PRODUÇÃO DE FOTOGRAFIAS, EXCETO AÉREA E SUBMARINA
7420-0/02	ATIVIDADES DE PRODUÇÃO DE FOTOGRAFIAS AÉREAS E SUBMARINAS
7420-0/03	LABORATÓRIOS FOTOGRÁFICOS
7420-0/04	FILMAGEM DE FESTAS E EVENTOS
7420-0/05	SERVIÇOS DE MICROFILMAGEM
7490-1/01	SERVIÇOS DE TRADUÇÃO, INTERPRETAÇÃO E SIMILARES
7490-1/02	ESCAFANDRIA E MERGULHO
7490-1/03	SERVIÇOS DE AGRONOMIA E DE CONSULTORIA ÀS ATIVIDADES AGRÍCOLAS E PECUÁRIAS
7490-1/04	ATIVIDADES DE INTERMEDIAÇÃO E AGENCIAMENTO DE SERVIÇOS E NEGÓCIOS EM GERAL, EXCETO IMOBILIÁRIOS
7490-1/05	AGENCIAMENTO DE PROFISSIONAIS PARA ATIVIDADES ESPORTIVAS, CULTURAIS E ARTÍSTICAS
7490-1/99	OUTRAS ATIVIDADES PROFISSIONAIS, CIENTÍFICAS E TÉCNICAS NÃO ESPECIFICADAS ANTERIORMENTE
7500-1/00	ATIVIDADES VETERINÁRIAS
7711-0/00	LOCAÇÃO DE AUTOMÓVEIS SEM CONDUTOR
7719-5/01	LOCAÇÃO DE EMBARCAÇÕES SEM TRIPULAÇÃO, EXCETO PARA FINS RECREATIVOS
7719-5/02	LOCAÇÃO DE AERONAVES SEM TRIPULAÇÃO
7719-5/99	LOCAÇÃO DE OUTROS MEIOS DE TRANSPORTE NÃO ESPECIFICADOS ANTERIORMENTE, SEM CONDUTOR
7721-7/00	ALUGUEL DE EQUIPAMENTOS RECREATIVOS E ESPORTIVOS
7722-5/00	ALUGUEL DE FITAS DE VÍDEO, DVDS E SIMILARES
7723-3/00	ALUGUEL DE OBJETOS DO VESTUÁRIO, JÓIAS E ACESSÓRIOS
7729-2/01	ALUGUEL DE APARELHOS DE JOGOS ELETRÔNICOS
7729-2/02	ALUGUEL DE MÓVEIS, UTENSÍLIOS E APARELHOS DE USO DOMÉSTICO E PESSOAL; INSTRUMENTOS MUSICAIS
7729-2/03	ALUGUEL DE MATERIAL MÉDICO
7729-2/99	ALUGUEL DE OUTROS OBJETOS PESSOAIS E DOMÉSTICOS NÃO ESPECIFICADOS ANTERIORMENTE
7731-4/00	ALUGUEL DE MÁQUINAS E EQUIPAMENTOS AGRÍCOLAS SEM OPERADOR
7732-2/01	ALUGUEL DE MÁQUINAS E EQUIPAMENTOS PARA CONSTRUÇÃO SEM OPERADOR, EXCETO ANDAIMES
7732-2/02	ALUGUEL DE ANDAIMES
7733-1/00	ALUGUEL DE MÁQUINAS E EQUIPAMENTOS PARA ESCRITÓRIOS
7739-0/01	ALUGUEL DE MÁQUINAS E EQUIPAMENTOS PARA EXTRAÇÃO DE MINÉRIOS E PETRÓLEO, SEM OPERADOR
7739-0/02	ALUGUEL DE EQUIPAMENTOS CIENTÍFICOS, MÉDICOS E HOSPITALARES, SEM OPERADOR
7739-0/03	ALUGUEL DE PALCOS, COBERTURAS E OUTRAS ESTRUTURAS DE USO TEMPORÁRIO, EXCETO ANDAIMES
7739-0/99	ALUGUEL DE OUTRAS MÁQUINAS E EQUIPAMENTOS COMERCIAIS E INDUSTRIAIS NÃO ESPECIFICADOS ANTERIORMENTE, SEM OPERADOR
7740-3/00	GESTÃO DE ATIVOS INTANGÍVEIS NÃO FINANCEIROS
7810-8/00	SELEÇÃO E AGENCIAMENTO DE MÃO DE OBRA
7820-5/00	LOCAÇÃO DE MÃO DE OBRA TEMPORÁRIA
7830-2/00	FORNECIMENTO E GESTÃO DE RECURSOS HUMANOS PARA TERCEIROS
7911-2/00	AGÊNCIAS DE VIAGENS
7912-1/00	OPERADORES TURÍSTICOS
7990-2/00	SERVIÇOS DE RESERVAS E OUTROS SERVIÇOS DE TURISMO NÃO ESPECIFICADOS ANTERIORMENTE
8011-1/01	ATIVIDADES DE VIGILÂNCIA E SEGURANÇA PRIVADA
8011-1/02	SERVIÇOS DE ADESTRAMENTO DE CÃES DE GUARDA
8012-9/00	ATIVIDADES DE TRANSPORTE DE VALORES
8020-0/01	ATIVIDADES DE MONITORAMENTO DE SISTEMAS DE SEGURANÇA ELETRÔNICO
8020-0/02	OUTRAS ATIVIDADES DE SERVIÇOS DE SEGURANÇA
8030-7/00	ATIVIDADES DE INVESTIGAÇÃO PARTICULAR
8111-7/00	SERVIÇOS COMBINADOS PARA APOIO A EDIFÍCIOS, EXCETO CONDOMÍNIOS PREDIAIS
8112-5/00	CONDOMÍNIOS PREDIAIS
8121-4/00	LIMPEZA EM PRÉDIOS E EM DOMICÍLIOS
8122-2/00	IMUNIZAÇÃO E CONTROLE DE PRAGAS URBANAS
8129-0/00	ATIVIDADES DE LIMPEZA NÃO ESPECIFICADAS ANTERIORMENTE
8130-3/00	ATIVIDADES PAISAGÍSTICAS
8211-3/00	SERVIÇOS COMBINADOS DE ESCRITÓRIO E APOIO ADMINISTRATIVO
8219-9/01	FOTOCÓPIAS
8219-9/99	PREPARAÇÃO DE DOCUMENTOS E SERVIÇOS ESPECIALIZADOS DE APOIO ADMINISTRATIVO NÃO ESPECIFICADOS ANTERIORMENTE
8220-2/00	ATIVIDADES DE TELEATENDIMENTO
8230-0/01	SERVIÇOS DE ORGANIZAÇÃO DE FEIRAS, CONGRESSOS, EXPOSIÇÕES E FESTAS
8230-0/02	CASAS DE FESTAS E EVENTOS
8291-1/00	ATIVIDADES DE COBRANÇAS E INFORMAÇÕES CADASTRAIS
8292-0/00	ENVASAMENTO E EMPACOTAMENTO SOB CONTRATO
8299-7/01	MEDIÇÃO DE CONSUMO DE ENERGIA ELÉTRICA, GÁS E ÁGUA
8299-7/02	EMISSÃO DE VALES ALIMENTAÇÃO, VALES TRANSPORTE E SIMILARES
8299-7/03	SERVIÇOS DE GRAVAÇÃO DE CARIMBOS, EXCETO CONFECÇÃO
8299-7/04	LEILOEIROS INDEPENDENTES
8299-7/05	SERVIÇOS DE LEVANTAMENTO DE FUNDOS SOB CONTRATO
8299-7/06	CASAS LOTÉRICAS
8299-7/07	SALAS DE ACESSO À INTERNET
8299-7/99	OUTRAS ATIVIDADES DE SERVIÇOS PRESTADOS PRINCIPALMENTE ÀS EMPRESAS NÃO ESPECIFICADAS ANTERIORMENTE
8411-6/00	ADMINISTRAÇÃO PÚBLICA EM GERAL
8412-4/00	REGULAÇÃO DAS ATIVIDADES DE SAÚDE, EDUCAÇÃO, SERVIÇOS CULTURAIS E OUTROS SERVIÇOS SOCIAIS
8413-2/00	REGULAÇÃO DAS ATIVIDADES ECONÔMICAS
8421-3/00	RELAÇÕES EXTERIORES
8422-1/00	DEFESA
8423-0/00	JUSTIÇA
8424-8/00	SEGURANÇA E ORDEM PÚBLICA
8425-6/00	DEFESA CIVIL
8430-2/00	SEGURIDADE SOCIAL OBRIGATÓRIA
8511-2/00	EDUCAÇÃO INFANTIL - CRECHE
8512-1/00	EDUCAÇÃO INFANTIL - PRÉESCOLA
8513-9/00	ENSINO FUNDAMENTAL
8520-1/00	ENSINO MÉDIO
8531-7/00	EDUCAÇÃO SUPERIOR - GRADUAÇÃO
8532-5/00	EDUCAÇÃO SUPERIOR - GRADUAÇÃO E PÓS GRADUAÇÃO
8533-3/00	EDUCAÇÃO SUPERIOR - PÓS GRADUAÇÃO E EXTENSÃO
8541-4/00	EDUCAÇÃO PROFISSIONAL DE NÍVEL TÉCNICO
8542-2/00	EDUCAÇÃO PROFISSIONAL DE NÍVEL TECNOLÓGICO
8550-3/01	ADMINISTRAÇÃO DE CAIXAS ESCOLARES
8550-3/02	ATIVIDADES DE APOIO À EDUCAÇÃO, EXCETO CAIXAS ESCOLARES
8591-1/00	ENSINO DE ESPORTES
8592-9/01	ENSINO DE DANÇA
8592-9/02	ENSINO DE ARTES CÊNICAS, EXCETO DANÇA
8592-9/03	ENSINO DE MÚSICA
8592-9/99	ENSINO DE ARTE E CULTURA NÃO ESPECIFICADO ANTERIORMENTE
8593-7/00	ENSINO DE IDIOMAS
8599-6/01	FORMAÇÃO DE CONDUTORES
8599-6/02	CURSOS DE PILOTAGEM
8599-6/03	TREINAMENTO EM INFORMÁTICA
8599-6/04	TREINAMENTO EM DESENVOLVIMENTO PROFISSIONAL E GERENCIAL
8599-6/05	CURSOS PREPARATÓRIOS PARA CONCURSOS
8599-6/99	OUTRAS ATIVIDADES DE ENSINO NÃO ESPECIFICADAS ANTERIORMENTE
8610-1/01	ATIVIDADES DE ATENDIMENTO HOSPITALAR, EXCETO PRONTO SOCORRO E UNIDADES PARA ATENDIMENTO A URGÊNCIAS
8610-1/02	ATIVIDADES DE ATENDIMENTO EM PRONTO SOCORRO E UNIDADES HOSPITALARES PARA ATENDIMENTO A URGÊNCIAS
8621-6/01	UTI MÓVEL
8621-6/02	SERVIÇOS MÓVEIS DE ATENDIMENTO A URGÊNCIAS, EXCETO POR UTI MÓVEL
8622-4/00	SERVIÇOS DE REMOÇÃO DE PACIENTES, EXCETO OS SERVIÇOS MÓVEIS DE ATENDIMENTO A URGÊNCIAS
8630-5/01	ATIVIDADE MÉDICA AMBULATORIAL COM RECURSOS PARA REALIZAÇÃO DE PROCEDIMENTOS CIRÚRGICOS
8630-5/02	ATIVIDADE MÉDICA AMBULATORIAL COM RECURSOS PARA REALIZAÇÃO DE EXAMES COMPLEMENTARES
8630-5/03	ATIVIDADE MÉDICA AMBULATORIAL RESTRITA A CONSULTAS
8630-5/04	ATIVIDADE ODONTOLÓGICA
8630-5/06	SERVIÇOS DE VACINAÇÃO E IMUNIZAÇÃO HUMANA
8630-5/07	ATIVIDADES DE REPRODUÇÃO HUMANA ASSISTIDA
8630-5/99	ATIVIDADES DE ATENÇÃO AMBULATORIAL NÃO ESPECIFICADAS ANTERIORMENTE
8640-2/01	LABORATÓRIOS DE ANATOMIA PATOLÓGICA E CITOLÓGICA
8640-2/02	LABORATÓRIOS CLÍNICOS
8640-2/03	SERVIÇOS DE DIÁLISE E NEFROLOGIA
8640-2/04	SERVIÇOS DE TOMOGRAFIA
8640-2/05	SERVIÇOS DE DIAGNÓSTICO POR IMAGEM COM USO DE RADIAÇÃO IONIZANTE, EXCETO TOMOGRAFIA
8640-2/06	SERVIÇOS DE RESSONÂNCIA MAGNÉTICA
8640-2/07	SERVIÇOS DE DIAGNÓSTICO POR IMAGEM SEM USO DE RADIAÇÃO IONIZANTE, EXCETO RESSONÂNCIA MAGNÉTICA
8640-2/08	SERVIÇOS DE DIAGNÓSTICO POR REGISTRO GRÁFICO - ECG, EEG E OUTROS EXAMES ANÁLOGOS
8640-2/09	SERVIÇOS DE DIAGNÓSTICO POR MÉTODOS ÓPTICOS - ENDOSCOPIA E OUTROS EXAMES ANÁLOGOS
8640-2/10	SERVIÇOS DE QUIMIOTERAPIA
8640-2/11	SERVIÇOS DE RADIOTERAPIA
8640-2/12	SERVIÇOS DE HEMOTERAPIA
8640-2/13	SERVIÇOS DE LITOTRIPCIA
8640-2/14	SERVIÇOS DE BANCOS DE CÉLULAS E TECIDOS HUMANOS
8640-2/99	ATIVIDADES DE SERVIÇOS DE COMPLEMENTAÇÃO DIAGNÓSTICA E TERAPÊUTICA NÃO ESPECIFICADAS ANTERIORMENTE
8650-0/01	ATIVIDADES DE ENFERMAGEM
8650-0/02	ATIVIDADES DE PROFISSIONAIS DA NUTRIÇÃO
8650-0/03	ATIVIDADES DE PSICOLOGIA E PSICANÁLISE
8650-0/04	ATIVIDADES DE FISIOTERAPIA
8650-0/05	ATIVIDADES DE TERAPIA OCUPACIONAL
8650-0/06	ATIVIDADES DE FONOAUDIOLOGIA
8650-0/07	ATIVIDADES DE TERAPIA DE NUTRIÇÃO ENTERAL E PARENTERAL
8650-0/99	ATIVIDADES DE PROFISSIONAIS DA ÁREA DE SAÚDE NÃO ESPECIFICADAS ANTERIORMENTE
8660-7/00	ATIVIDADES DE APOIO À GESTÃO DE SAÚDE
8690-9/01	ATIVIDADES DE PRÁTICAS INTEGRATIVAS E COMPLEMENTARES EM SAÚDE HUMANA
8690-9/02	ATIVIDADES DE BANCO DE LEITE HUMANO
8690-9/03	ATIVIDADES DE ACUPUNTURA
8690-9/04	ATIVIDADES DE PODOLOGIA
8690-9/99	OUTRAS ATIVIDADES DE ATENÇÃO À SAÚDE HUMANA NÃO ESPECIFICADAS ANTERIORMENTE
8711-5/01	CLÍNICAS E RESIDÊNCIAS GERIÁTRICAS
8711-5/02	INSTITUIÇÕES DE LONGA PERMANÊNCIA PARA IDOSOS
8711-5/03	ATIVIDADES DE ASSISTÊNCIA A DEFICIENTES FÍSICOS, IMUNODEPRIMIDOS E CONVALESCENTES
8711-5/04	CENTROS DE APOIO A PACIENTES COM CÂNCER E COM AIDS
8711-5/05	CONDOMÍNIOS RESIDENCIAIS PARA IDOSOS
8712-3/00	ATIVIDADES DE FORNECIMENTO DE INFRAESTRUTURA DE APOIO E ASSISTÊNCIA A PACIENTE NO DOMICÍLIO
8720-4/01	ATIVIDADES DE CENTROS DE ASSISTÊNCIA PSICOSSOCIAL
8720-4/99	ATIVIDADES DE ASSISTÊNCIA PSICOSSOCIAL E À SAÚDE A PORTADORES DE DISTÚRBIOS PSÍQUICOS, DEFICIÊNCIA MENTAL E DEPENDÊNCIA QUÍMICA E GRUPOS SIMILARES NÃO ESPECIFICADAS ANTERIORMENTE
8730-1/01	ORFANATOS
8730-1/02	ALBERGUES ASSISTENCIAIS
8730-1/99	ATIVIDADES DE ASSISTÊNCIA SOCIAL PRESTADAS EM RESIDÊNCIAS COLETIVAS E PARTICULARES NÃO ESPECIFICADAS ANTERIORMENTE
8800-6/00	SERVIÇOS DE ASSISTÊNCIA SOCIAL SEM ALOJAMENTO
9001-9/01	PRODUÇÃO TEATRAL
9001-9/02	PRODUÇÃO MUSICAL
9001-9/03	PRODUÇÃO DE ESPETÁCULOS DE DANÇA
9001-9/04	PRODUÇÃO DE ESPETÁCULOS CIRCENSES, DE MARIONETES E SIMILARES
9001-9/05	PRODUÇÃO DE ESPETÁCULOS DE RODEIOS, VAQUEJADAS E SIMILARES
9001-9/06	ATIVIDADES DE SONORIZAÇÃO E DE ILUMINAÇÃO
9001-9/99	ARTES CÊNICAS, ESPETÁCULOS E ATIVIDADES COMPLEMENTARES NÃO ESPECIFICADAS ANTERIORMENTE
9002-7/01	ATIVIDADES DE ARTISTAS PLÁSTICOS, JORNALISTAS INDEPENDENTES E ESCRITORES
9002-7/02	RESTAURAÇÃO DE OBRAS DE ARTE
9003-5/00	GESTÃO DE ESPAÇOS PARA ARTES CÊNICAS, ESPETÁCULOS E OUTRAS ATIVIDADES ARTÍSTICAS
9101-5/00	ATIVIDADES DE BIBLIOTECAS E ARQUIVOS
9102-3/01	ATIVIDADES DE MUSEUS E DE EXPLORAÇÃO DE LUGARES E PRÉDIOS HISTÓRICOS E ATRAÇÕES SIMILARES
9102-3/02	RESTAURAÇÃO E CONSERVAÇÃO DE LUGARES E PRÉDIOS HISTÓRICOS
9103-1/00	ATIVIDADES DE JARDINS BOTÂNICOS, ZOOLÓGICOS, PARQUES NACIONAIS, RESERVAS ECOLÓGICAS E ÁREAS DE PROTEÇÃO AMBIENTAL
9200-3/01	CASAS DE BINGO
9200-3/02	EXPLORAÇÃO DE APOSTAS EM CORRIDAS DE CAVALOS
9200-3/99	EXPLORAÇÃO DE JOGOS DE AZAR E APOSTAS NÃO ESPECIFICADOS ANTERIORMENTE
9311-5/00	GESTÃO DE INSTALAÇÕES DE ESPORTES
9312-3/00	CLUBES SOCIAIS, ESPORTIVOS E SIMILARES
9313-1/00	ATIVIDADES DE CONDICIONAMENTO FÍSICO
9319-1/01	PRODUÇÃO E PROMOÇÃO DE EVENTOS ESPORTIVOS
9319-1/99	OUTRAS ATIVIDADES ESPORTIVAS NÃO ESPECIFICADAS ANTERIORMENTE
9321-2/00	PARQUES DE DIVERSÃO E PARQUES TEMÁTICOS
9329-8/01	DISCOTECAS, DANCETERIAS, SALÕES DE DANÇA E SIMILARES
9329-8/02	EXPLORAÇÃO DE BOLICHES
9329-8/03	EXPLORAÇÃO DE JOGOS DE SINUCA, BILHAR E SIMILARES
9329-8/04	EXPLORAÇÃO DE JOGOS ELETRÔNICOS RECREATIVOS
9329-8/99	OUTRAS ATIVIDADES DE RECREAÇÃO E LAZER NÃO ESPECIFICADAS ANTERIORMENTE
9411-1/00	ATIVIDADES DE ORGANIZAÇÕES ASSOCIATIVAS PATRONAIS E EMPRESARIAIS
9412-0/01	ATIVIDADES DE FISCALIZAÇÃO PROFISSIONAL
9412-0/99	OUTRAS ATIVIDADES ASSOCIATIVAS PROFISSIONAIS
9420-1/00	ATIVIDADES DE ORGANIZAÇÕES SINDICAIS
9430-8/00	ATIVIDADES DE ASSOCIAÇÕES DE DEFESA DE DIREITOS SOCIAIS
9491-0/00	ATIVIDADES DE ORGANIZAÇÕES RELIGIOSAS OU FILOSÓFICAS
9492-8/00	ATIVIDADES DE ORGANIZAÇÕES POLÍTICAS
9493-6/00	ATIVIDADES DE ORGANIZAÇÕES ASSOCIATIVAS LIGADAS À CULTURA E À ARTE
9499-5/00	ATIVIDADES ASSOCIATIVAS NÃO ESPECIFICADAS ANTERIORMENTE
9511-8/00	REPARAÇÃO E MANUTENÇÃO DE COMPUTADORES E DE EQUIPAMENTOS PERIFÉRICOS
9512-6/00	REPARAÇÃO E MANUTENÇÃO DE EQUIPAMENTOS DE COMUNICAÇÃO
9521-5/00	REPARAÇÃO E MANUTENÇÃO DE EQUIPAMENTOS ELETROELETRÔNICOS DE USO PESSOAL E DOMÉSTICO
9529-1/01	REPARAÇÃO DE CALÇADOS, DE BOLSAS E ARTIGOS DE VIAGEM
9529-1/02	CHAVEIROS
9529-1/03	REPARAÇÃO DE RELÓGIOS
9529-1/04	REPARAÇÃO DE BICICLETAS, TRICICLOS E OUTROS VEÍCULOS NÃO MOTORIZADOS
9529-1/05	REPARAÇÃO DE ARTIGOS DO MOBILIÁRIO
9529-1/06	REPARAÇÃO DE JÓIAS
9529-1/99	REPARAÇÃO E MANUTENÇÃO DE OUTROS OBJETOS E EQUIPAMENTOS PESSOAIS E DOMÉSTICOS NÃO ESPECIFICADOS ANTERIORMENTE
9601-7/01	LAVANDERIAS
9601-7/02	TINTURARIAS
9601-7/03	TOALHEIROS
9602-5/01	CABELEIREIROS, MANICURE E PEDICURE
9602-5/02	ATIVIDADES DE ESTÉTICA E OUTROS SERVIÇOS DE CUIDADOS COM A BELEZA
9603-3/01	GESTÃO E MANUTENÇÃO DE CEMITÉRIOS
9603-3/02	SERVIÇOS DE CREMAÇÃO
9603-3/03	SERVIÇOS DE SEPULTAMENTO
9603-3/04	SERVIÇOS DE FUNERÁRIAS
9603-3/05	SERVIÇOS DE SOMATOCONSERVAÇÃO
9603-3/99	ATIVIDADES FUNERÁRIAS E SERVIÇOS RELACIONADOS NÃO ESPECIFICADOS ANTERIORMENTE
9609-2/02	AGÊNCIAS MATRIMONIAIS
9609-2/04	EXPLORAÇÃO DE MÁQUINAS DE SERVIÇOS PESSOAIS ACIONADAS POR MOEDA
9609-2/05	ATIVIDADES DE SAUNA E BANHOS
9609-2/06	SERVIÇOS DE TATUAGEM E COLOCAÇÃO DE PIERCING
9609-2/07	ALOJAMENTO DE ANIMAIS DOMÉSTICOS
9609-2/08	HIGIENE E EMBELEZAMENTO DE ANIMAIS DOMÉSTICOS
9609-2/99	OUTRAS ATIVIDADES DE SERVIÇOS PESSOAIS NÃO ESPECIFICADAS ANTERIORMENTE
9700-5/00	SERVIÇOS DOMÉSTICOS
9900-8/00	ORGANISMOS INTERNACIONAIS E OUTRAS INSTITUIÇÕES EXTRATERRITORIAIS
